shirt_number,position,player_name,date_of_birth,age,nationality,club_name,league_name,season,year
1,Goalkeeper,"May 20, 1982 (31)",NA,NA,Czech Republic,Chelsea FC,Premier League,2013/2014,2013
NA,Goalkeeper,"May 11, 1992 (21)",NA,NA,Belgium,Chelsea FC,Premier League,2013/2014,2013
NA,Goalkeeper,"Oct 6, 1972 (40)",NA,NA,Australia,Chelsea FC,Premier League,2013/2014,2013
NA,Goalkeeper,"Aug 20, 1992 (20)",NA,NA,Croatia,Chelsea FC,Premier League,2013/2014,2013
40,Goalkeeper,"Oct 21, 1975 (37)",NA,NA,Portugal,Chelsea FC,Premier League,2013/2014,2013
46,Goalkeeper,"Oct 27, 1993 (19)",NA,NA,England,Chelsea FC,Premier League,2013/2014,2013
4,Centre-Back,"Apr 22, 1987 (26)",NA,NA,Brazil,Chelsea FC,Premier League,2013/2014,2013
2,Centre-Back,"Feb 22, 1984 (29)",NA,NA,Serbia,Chelsea FC,Premier League,2013/2014,2013
24,Centre-Back,"Dec 19, 1985 (27)",NA,NA,England,Chelsea FC,Premier League,2013/2014,2013
26,Centre-Back,"Dec 7, 1980 (32)",NA,NA,England,Chelsea FC,Premier League,2013/2014,2013
NA,Centre-Back,"Oct 27, 1994 (18)",NA,NA,France,Chelsea FC,Premier League,2013/2014,2013
33,Centre-Back,"May 15, 1993 (20)",NA,NA,Czech Republic,Chelsea FC,Premier League,2013/2014,2013
NA,Centre-Back,"Feb 18, 1995 (18)",NA,NA,Netherlands,Chelsea FC,Premier League,2013/2014,2013
3,Left-Back,"Dec 20, 1980 (32)",NA,NA,England,Chelsea FC,Premier League,2013/2014,2013
34,Left-Back,"Aug 5, 1989 (23)",NA,NA,England,Chelsea FC,Premier League,2013/2014,2013
NA,Left-Back,"Aug 29, 1990 (22)",NA,NA,Netherlands,Chelsea FC,Premier League,2013/2014,2013
NA,Left-Back,"Apr 2, 1995 (18)",NA,NA,Chile,Chelsea FC,Premier League,2013/2014,2013
28,Right-Back,"Aug 28, 1989 (23)",NA,NA,Spain,Chelsea FC,Premier League,2013/2014,2013
NA,Right-Back,"May 1, 1994 (19)",NA,NA,Brazil,Chelsea FC,Premier League,2013/2014,2013
12,Defensive Midfield,"Apr 22, 1987 (26)",NA,NA,Nigeria,Chelsea FC,Premier League,2013/2014,2013
21,Defensive Midfield,"Aug 1, 1988 (24)",NA,NA,Serbia,Chelsea FC,Premier League,2013/2014,2013
NA,Defensive Midfield,"Dec 3, 1982 (30)",NA,NA,Ghana,Chelsea FC,Premier League,2013/2014,2013
NA,Defensive Midfield,"Sep 24, 1991 (21)",NA,NA,Spain,Chelsea FC,Premier League,2013/2014,2013
7,Central Midfield,"Mar 24, 1987 (26)",NA,NA,Brazil,Chelsea FC,Premier League,2013/2014,2013
16,Central Midfield,"Dec 1, 1992 (20)",NA,NA,Netherlands,Chelsea FC,Premier League,2013/2014,2013
8,Central Midfield,"Jun 20, 1978 (35)",NA,NA,England,Chelsea FC,Premier League,2013/2014,2013
NA,Central Midfield,"Jun 23, 1995 (18)",NA,NA,England,Chelsea FC,Premier League,2013/2014,2013
NA,Central Midfield,"Apr 25, 1995 (18)",NA,NA,England,Chelsea FC,Premier League,2013/2014,2013
NA,Attacking Midfield,"Apr 28, 1988 (25)",NA,NA,Spain,Chelsea FC,Premier League,2013/2014,2013
11,Attacking Midfield,"Sep 9, 1991 (21)",NA,NA,Brazil,Chelsea FC,Premier League,2013/2014,2013
NA,Attacking Midfield,"Jun 28, 1991 (22)",NA,NA,Belgium,Chelsea FC,Premier League,2013/2014,2013
NA,Attacking Midfield,"Mar 13, 1989 (24)",NA,NA,Germany,Chelsea FC,Premier League,2013/2014,2013
NA,Attacking Midfield,"Apr 13, 1991 (22)",NA,NA,Mexico,Chelsea FC,Premier League,2013/2014,2013
10,Left Winger,"Jan 7, 1991 (22)",NA,NA,Belgium,Chelsea FC,Premier League,2013/2014,2013
14,Left Winger,"Nov 6, 1990 (22)",NA,NA,Germany,Chelsea FC,Premier League,2013/2014,2013
NA,Left Winger,"Jan 10, 1992 (21)",NA,NA,Ghana,Chelsea FC,Premier League,2013/2014,2013
NA,Left Winger,"Jun 21, 1991 (22)",NA,NA,DR Congo,Chelsea FC,Premier League,2013/2014,2013
NA,Left Winger,"Mar 29, 1993 (20)",NA,NA,Belgium,Chelsea FC,Premier League,2013/2014,2013
22,Right Winger,"Aug 9, 1988 (24)",NA,NA,Brazil,Chelsea FC,Premier League,2013/2014,2013
12,Right Winger,"Dec 12, 1990 (22)",NA,NA,Nigeria,Chelsea FC,Premier League,2013/2014,2013
15,Right Winger,"Jun 15, 1992 (21)",NA,NA,Egypt,Chelsea FC,Premier League,2013/2014,2013
NA,Right Winger,"Jan 20, 1994 (19)",NA,NA,Brazil,Chelsea FC,Premier League,2013/2014,2013
NA,Right Winger,"Sep 6, 1995 (17)",NA,NA,Burkina Faso,Chelsea FC,Premier League,2013/2014,2013
9,Centre-Forward,"Mar 20, 1984 (29)",NA,NA,Spain,Chelsea FC,Premier League,2013/2014,2013
NA,Centre-Forward,"Mar 10, 1981 (32)",NA,NA,Cameroon,Chelsea FC,Premier League,2013/2014,2013
19,Centre-Forward,"May 25, 1985 (28)",NA,NA,Senegal,Chelsea FC,Premier League,2013/2014,2013
NA,Centre-Forward,"May 13, 1993 (20)",NA,NA,Belgium,Chelsea FC,Premier League,2013/2014,2013
NA,Centre-Forward,"Jul 7, 1995 (17)",NA,NA,Croatia,Chelsea FC,Premier League,2013/2014,2013
36,Centre-Forward,"Sep 5, 1993 (19)",NA,NA,England,Chelsea FC,Premier League,2013/2014,2013
1,Goalkeeper,"Nov 7, 1990 (22)",NA,NA,Spain,Manchester United,Premier League,2013/2014,2013
13,Goalkeeper,"Apr 13, 1984 (29)",NA,NA,Denmark,Manchester United,Premier League,2013/2014,2013
40,Goalkeeper,"Apr 10, 1990 (23)",NA,NA,England,Manchester United,Premier League,2013/2014,2013
50,Goalkeeper,"Mar 25, 1993 (20)",NA,NA,England,Manchester United,Premier League,2013/2014,2013
15,Centre-Back,"Oct 21, 1981 (31)",NA,NA,Serbia,Manchester United,Premier League,2013/2014,2013
4,Centre-Back,"Feb 21, 1992 (21)",NA,NA,England,Manchester United,Premier League,2013/2014,2013
12,Centre-Back,"Nov 22, 1989 (23)",NA,NA,England,Manchester United,Premier League,2013/2014,2013
6,Centre-Back,"Jan 3, 1988 (25)",NA,NA,Northern Ireland,Manchester United,Premier League,2013/2014,2013
5,Centre-Back,"Nov 7, 1978 (34)",NA,NA,England,Manchester United,Premier League,2013/2014,2013
38,Centre-Back,"Jan 11, 1993 (20)",NA,NA,England,Manchester United,Premier League,2013/2014,2013
18,Left-Back,"Jul 9, 1985 (27)",NA,NA,England,Manchester United,Premier League,2013/2014,2013
3,Left-Back,"May 15, 1981 (32)",NA,NA,France,Manchester United,Premier League,2013/2014,2013
28,Left-Back,"Feb 11, 1989 (24)",NA,NA,Netherlands,Manchester United,Premier League,2013/2014,2013
25,Right-Back,"Aug 4, 1985 (27)",NA,NA,Ecuador,Manchester United,Premier League,2013/2014,2013
2,Right-Back,"Jul 9, 1990 (22)",NA,NA,Brazil,Manchester United,Premier League,2013/2014,2013
NA,Right-Back,"Jul 9, 1990 (22)",NA,NA,Brazil,Manchester United,Premier League,2013/2014,2013
16,Defensive Midfield,"Jul 28, 1981 (31)",NA,NA,England,Manchester United,Premier League,2013/2014,2013
31,Central Midfield,"Nov 22, 1987 (25)",NA,NA,Belgium,Manchester United,Premier League,2013/2014,2013
23,Central Midfield,"Aug 12, 1989 (23)",NA,NA,England,Manchester United,Premier League,2013/2014,2013
NA,Central Midfield,"Apr 13, 1988 (25)",NA,NA,Brazil,Manchester United,Premier League,2013/2014,2013
24,Central Midfield,"Feb 1, 1984 (29)",NA,NA,Scotland,Manchester United,Premier League,2013/2014,2013
11,Left Midfield,"Nov 29, 1973 (39)",NA,NA,Wales,Manchester United,Premier League,2013/2014,2013
8,Attacking Midfield,"Apr 28, 1988 (25)",NA,NA,Spain,Manchester United,Premier League,2013/2014,2013
26,Attacking Midfield,"Mar 17, 1989 (24)",NA,NA,Japan,Manchester United,Premier League,2013/2014,2013
17,Left Winger,"Nov 17, 1986 (26)",NA,NA,Portugal,Manchester United,Premier League,2013/2014,2013
NA,Left Winger,"Jul 12, 1990 (22)",NA,NA,Portugal,Manchester United,Premier League,2013/2014,2013
NA,Left Winger,"Jan 13, 1994 (19)",NA,NA,Wales,Manchester United,Premier League,2013/2014,2013
29,Right Winger,"Nov 10, 1992 (20)",NA,NA,Cote d'Ivoire,Manchester United,Premier League,2013/2014,2013
35,Right Winger,"Dec 15, 1992 (20)",NA,NA,England,Manchester United,Premier League,2013/2014,2013
44,Right Winger,"Feb 5, 1995 (18)",NA,NA,Belgium,Manchester United,Premier League,2013/2014,2013
10,Centre-Forward,"Oct 24, 1985 (27)",NA,NA,England,Manchester United,Premier League,2013/2014,2013
20,Centre-Forward,"Aug 6, 1983 (29)",NA,NA,Netherlands,Manchester United,Premier League,2013/2014,2013
14,Centre-Forward,"Jun 1, 1988 (25)",NA,NA,Mexico,Manchester United,Premier League,2013/2014,2013
19,Centre-Forward,"Nov 26, 1990 (22)",NA,NA,England,Manchester United,Premier League,2013/2014,2013
NA,Centre-Forward,"Apr 13, 1994 (19)",NA,NA,Chile,Manchester United,Premier League,2013/2014,2013
NA,Centre-Forward,"Aug 22, 1991 (21)",NA,NA,Italy,Manchester United,Premier League,2013/2014,2013
NA,Centre-Forward,"Dec 1, 1995 (17)",NA,NA,England,Manchester United,Premier League,2013/2014,2013
1,Goalkeeper,"Apr 19, 1987 (26)",NA,NA,England,Manchester City,Premier League,2013/2014,2013
30,Goalkeeper,"Feb 1, 1987 (26)",NA,NA,Romania,Manchester City,Premier League,2013/2014,2013
29,Goalkeeper,"Nov 5, 1977 (35)",NA,NA,England,Manchester City,Premier League,2013/2014,2013
4,Centre-Back,"Apr 10, 1986 (27)",NA,NA,Belgium,Manchester City,Premier League,2013/2014,2013
33,Centre-Back,"Mar 28, 1993 (20)",NA,NA,Serbia,Manchester City,Premier League,2013/2014,2013
6,Centre-Back,"Aug 16, 1982 (30)",NA,NA,England,Manchester City,Premier League,2013/2014,2013
26,Centre-Back,"Dec 20, 1980 (32)",NA,NA,Argentina,Manchester City,Premier League,2013/2014,2013
44,Centre-Back,"Dec 2, 1994 (18)",NA,NA,Netherlands,Manchester City,Premier League,2013/2014,2013
38,Centre-Back,"Nov 28, 1990 (22)",NA,NA,Belgium,Manchester City,Premier League,2013/2014,2013
22,Left-Back,"Jul 26, 1985 (27)",NA,NA,France,Manchester City,Premier League,2013/2014,2013
13,Left-Back,"Nov 10, 1985 (27)",NA,NA,Serbia,Manchester City,Premier League,2013/2014,2013
15,Right-Back,"Nov 21, 1985 (27)",NA,NA,Spain,Manchester City,Premier League,2013/2014,2013
2,Right-Back,"Jun 24, 1988 (25)",NA,NA,England,Manchester City,Premier League,2013/2014,2013
5,Right-Back,"Jan 16, 1985 (28)",NA,NA,Argentina,Manchester City,Premier League,2013/2014,2013
25,Defensive Midfield,"May 4, 1985 (28)",NA,NA,Brazil,Manchester City,Premier League,2013/2014,2013
14,Defensive Midfield,"Feb 8, 1987 (26)",NA,NA,Spain,Manchester City,Premier League,2013/2014,2013
17,Defensive Midfield,"Mar 11, 1991 (22)",NA,NA,England,Manchester City,Premier League,2013/2014,2013
NA,Defensive Midfield,"Sep 30, 1993 (19)",NA,NA,Wales,Manchester City,Premier League,2013/2014,2013
42,Central Midfield,"May 13, 1983 (30)",NA,NA,Cote d'Ivoire,Manchester City,Premier League,2013/2014,2013
7,Central Midfield,"Jan 4, 1986 (27)",NA,NA,England,Manchester City,Premier League,2013/2014,2013
21,Attacking Midfield,"Jan 8, 1986 (27)",NA,NA,Spain,Manchester City,Premier League,2013/2014,2013
8,Attacking Midfield,"Jun 26, 1987 (26)",NA,NA,France,Manchester City,Premier League,2013/2014,2013
NA,Right Winger,"Dec 28, 1995 (17)",NA,NA,Portugal,Manchester City,Premier League,2013/2014,2013
16,Centre-Forward,"Jun 2, 1988 (25)",NA,NA,Argentina,Manchester City,Premier League,2013/2014,2013
35,Centre-Forward,"Nov 2, 1989 (23)",NA,NA,Montenegro,Manchester City,Premier League,2013/2014,2013
10,Centre-Forward,"Mar 17, 1986 (27)",NA,NA,Bosnia-Herzegovina,Manchester City,Premier League,2013/2014,2013
9,Centre-Forward,"Aug 20, 1985 (27)",NA,NA,Spain,Manchester City,Premier League,2013/2014,2013
60,Centre-Forward,"Apr 15, 1992 (21)",NA,NA,Sweden,Manchester City,Premier League,2013/2014,2013
1,Goalkeeper,"Apr 18, 1990 (23)",NA,NA,Poland,Arsenal FC,Premier League,2013/2014,2013
13,Goalkeeper,"Dec 1, 1985 (27)",NA,NA,Italy,Arsenal FC,Premier League,2013/2014,2013
21,Goalkeeper,"Apr 18, 1985 (28)",NA,NA,Poland,Arsenal FC,Premier League,2013/2014,2013
5,Centre-Back,"Nov 14, 1985 (27)",NA,NA,Belgium,Arsenal FC,Premier League,2013/2014,2013
4,Centre-Back,"Sep 29, 1984 (28)",NA,NA,Germany,Arsenal FC,Premier League,2013/2014,2013
6,Centre-Back,"Sep 10, 1985 (27)",NA,NA,France,Arsenal FC,Premier League,2013/2014,2013
NA,Centre-Back,"Jan 18, 1987 (26)",NA,NA,Switzerland,Arsenal FC,Premier League,2013/2014,2013
17,Left-Back,"Feb 26, 1986 (27)",NA,NA,Spain,Arsenal FC,Premier League,2013/2014,2013
28,Left-Back,"Sep 26, 1989 (23)",NA,NA,England,Arsenal FC,Premier League,2013/2014,2013
3,Right-Back,"Feb 14, 1983 (30)",NA,NA,France,Arsenal FC,Premier League,2013/2014,2013
25,Right-Back,"Feb 8, 1992 (21)",NA,NA,England,Arsenal FC,Premier League,2013/2014,2013
NA,Right-Back,"Mar 19, 1995 (18)",NA,NA,Spain,Arsenal FC,Premier League,2013/2014,2013
20,Defensive Midfield,"Mar 7, 1984 (29)",NA,NA,France,Arsenal FC,Premier League,2013/2014,2013
NA,Defensive Midfield,"May 13, 1991 (22)",NA,NA,France,Arsenal FC,Premier League,2013/2014,2013
NA,Defensive Midfield,"Aug 24, 1982 (30)",NA,NA,Sweden,Arsenal FC,Premier League,2013/2014,2013
26,Defensive Midfield,"Jan 10, 1992 (21)",NA,NA,Ghana,Arsenal FC,Premier League,2013/2014,2013
NA,Defensive Midfield,"Mar 22, 1995 (18)",NA,NA,England,Arsenal FC,Premier League,2013/2014,2013
57,Defensive Midfield,"May 24, 1993 (20)",NA,NA,China,Arsenal FC,Premier League,2013/2014,2013
10,Central Midfield,"Jan 1, 1992 (21)",NA,NA,England,Arsenal FC,Premier League,2013/2014,2013
19,Central Midfield,"Dec 13, 1984 (28)",NA,NA,Spain,Arsenal FC,Premier League,2013/2014,2013
15,Central Midfield,"Aug 15, 1993 (19)",NA,NA,England,Arsenal FC,Premier League,2013/2014,2013
8,Central Midfield,"Mar 26, 1982 (31)",NA,NA,Spain,Arsenal FC,Premier League,2013/2014,2013
16,Central Midfield,"Dec 26, 1990 (22)",NA,NA,Wales,Arsenal FC,Premier League,2013/2014,2013
24,Central Midfield,"May 11, 1986 (27)",NA,NA,France,Arsenal FC,Premier League,2013/2014,2013
NA,Central Midfield,"Jun 30, 1995 (18)",NA,NA,Sweden,Arsenal FC,Premier League,2013/2014,2013
NA,Central Midfield,"Jan 26, 1997 (16)",NA,NA,United States,Arsenal FC,Premier League,2013/2014,2013
11,Attacking Midfield,"Oct 15, 1988 (24)",NA,NA,Germany,Arsenal FC,Premier League,2013/2014,2013
7,Attacking Midfield,"Oct 4, 1980 (32)",NA,NA,Czech Republic,Arsenal FC,Premier League,2013/2014,2013
NA,Attacking Midfield,"Jan 18, 1993 (20)",NA,NA,Germany,Arsenal FC,Premier League,2013/2014,2013
60,Left Winger,"May 3, 1996 (17)",NA,NA,Nigeria,Arsenal FC,Premier League,2013/2014,2013
14,Right Winger,"Mar 16, 1989 (24)",NA,NA,England,Arsenal FC,Premier League,2013/2014,2013
NA,Right Winger,"Jun 26, 1992 (21)",NA,NA,Costa Rica,Arsenal FC,Premier League,2013/2014,2013
31,Right Winger,"Dec 14, 1992 (20)",NA,NA,Japan,Arsenal FC,Premier League,2013/2014,2013
NA,Right Winger,"Jan 6, 1993 (20)",NA,NA,Brazil,Arsenal FC,Premier League,2013/2014,2013
44,Right Winger,"Jul 14, 1995 (17)",NA,NA,Germany,Arsenal FC,Premier League,2013/2014,2013
9,Second Striker,"Jun 4, 1985 (28)",NA,NA,Germany,Arsenal FC,Premier League,2013/2014,2013
12,Centre-Forward,"Sep 30, 1986 (26)",NA,NA,France,Arsenal FC,Premier League,2013/2014,2013
23,Centre-Forward,"Jan 16, 1988 (25)",NA,NA,Denmark,Arsenal FC,Premier League,2013/2014,2013
NA,Centre-Forward,"Jul 10, 1985 (27)",NA,NA,"Korea, South",Arsenal FC,Premier League,2013/2014,2013
22,Centre-Forward,"Jan 27, 1993 (20)",NA,NA,France,Arsenal FC,Premier League,2013/2014,2013
NA,Centre-Forward,"Oct 9, 1995 (17)",NA,NA,England,Arsenal FC,Premier League,2013/2014,2013
25,Goalkeeper,"Dec 26, 1986 (26)",NA,NA,France,Tottenham Hotspur,Premier League,2013/2014,2013
1,Goalkeeper,"Feb 15, 1981 (32)",NA,NA,Brazil,Tottenham Hotspur,Premier League,2013/2014,2013
24,Goalkeeper,"May 18, 1971 (42)",NA,NA,United States,Tottenham Hotspur,Premier League,2013/2014,2013
56,Goalkeeper,"Apr 12, 1993 (20)",NA,NA,Scotland,Tottenham Hotspur,Premier League,2013/2014,2013
5,Centre-Back,"Apr 24, 1987 (26)",NA,NA,Belgium,Tottenham Hotspur,Premier League,2013/2014,2013
4,Centre-Back,"Jan 4, 1986 (27)",NA,NA,France,Tottenham Hotspur,Premier League,2013/2014,2013
20,Centre-Back,"Nov 18, 1983 (29)",NA,NA,England,Tottenham Hotspur,Premier League,2013/2014,2013
6,Centre-Back,"Nov 14, 1989 (23)",NA,NA,Romania,Tottenham Hotspur,Premier League,2013/2014,2013
NA,Centre-Back,"Sep 26, 1995 (17)",NA,NA,Serbia,Tottenham Hotspur,Premier League,2013/2014,2013
NA,Centre-Back,"Aug 2, 1995 (17)",NA,NA,England,Tottenham Hotspur,Premier League,2013/2014,2013
3,Left-Back,"Jul 2, 1990 (22)",NA,NA,England,Tottenham Hotspur,Premier League,2013/2014,2013
35,Left-Back,"Sep 9, 1992 (20)",NA,NA,England,Tottenham Hotspur,Premier League,2013/2014,2013
NA,Left-Back,"Feb 14, 1996 (17)",NA,NA,England,Tottenham Hotspur,Premier League,2013/2014,2013
2,Right-Back,"May 28, 1990 (23)",NA,NA,England,Tottenham Hotspur,Premier League,2013/2014,2013
16,Right-Back,"Nov 11, 1988 (24)",NA,NA,England,Tottenham Hotspur,Premier League,2013/2014,2013
NA,Right-Back,"Oct 10, 1992 (20)",NA,NA,England,Tottenham Hotspur,Premier League,2013/2014,2013
30,Defensive Midfield,"Mar 15, 1989 (24)",NA,NA,Brazil,Tottenham Hotspur,Premier League,2013/2014,2013
15,Defensive Midfield,"Jul 11, 1988 (24)",NA,NA,France,Tottenham Hotspur,Premier League,2013/2014,2013
19,Central Midfield,"Jul 16, 1987 (25)",NA,NA,Belgium,Tottenham Hotspur,Premier League,2013/2014,2013
8,Central Midfield,"Jul 25, 1988 (24)",NA,NA,Brazil,Tottenham Hotspur,Premier League,2013/2014,2013
NA,Central Midfield,"May 28, 1992 (21)",NA,NA,England,Tottenham Hotspur,Premier League,2013/2014,2013
NA,Central Midfield,"May 15, 1995 (18)",NA,NA,England,Tottenham Hotspur,Premier League,2013/2014,2013
NA,Central Midfield,"Feb 2, 1996 (17)",NA,NA,England,Tottenham Hotspur,Premier League,2013/2014,2013
42,Central Midfield,"Nov 24, 1994 (18)",NA,NA,Algeria,Tottenham Hotspur,Premier League,2013/2014,2013
NA,Right Midfield,"Sep 4, 1994 (18)",NA,NA,Ireland,Tottenham Hotspur,Premier League,2013/2014,2013
23,Attacking Midfield,"Feb 14, 1992 (21)",NA,NA,Denmark,Tottenham Hotspur,Premier League,2013/2014,2013
NA,Attacking Midfield,"Sep 18, 1990 (22)",NA,NA,Germany,Tottenham Hotspur,Premier League,2013/2014,2013
22,Attacking Midfield,"Sep 8, 1989 (23)",NA,NA,Iceland,Tottenham Hotspur,Premier League,2013/2014,2013
NA,Attacking Midfield,"May 3, 1993 (20)",NA,NA,England,Tottenham Hotspur,Premier League,2013/2014,2013
NA,Attacking Midfield,"Apr 27, 1997 (16)",NA,NA,England,Tottenham Hotspur,Premier League,2013/2014,2013
21,Left Winger,"Aug 2, 1989 (23)",NA,NA,Belgium,Tottenham Hotspur,Premier League,2013/2014,2013
11,Right Winger,"Mar 4, 1992 (21)",NA,NA,Argentina,Tottenham Hotspur,Premier League,2013/2014,2013
7,Right Winger,"Apr 16, 1987 (26)",NA,NA,England,Tottenham Hotspur,Premier League,2013/2014,2013
NA,Right Winger,"Jan 4, 1990 (23)",NA,NA,Spain,Tottenham Hotspur,Premier League,2013/2014,2013
17,Right Winger,"Jul 16, 1991 (21)",NA,NA,England,Tottenham Hotspur,Premier League,2013/2014,2013
9,Centre-Forward,"May 27, 1985 (28)",NA,NA,Spain,Tottenham Hotspur,Premier League,2013/2014,2013
10,Centre-Forward,"Feb 26, 1984 (29)",NA,NA,Togo,Tottenham Hotspur,Premier League,2013/2014,2013
NA,Centre-Forward,"Oct 7, 1982 (30)",NA,NA,England,Tottenham Hotspur,Premier League,2013/2014,2013
37,Centre-Forward,"Jul 28, 1993 (19)",NA,NA,England,Tottenham Hotspur,Premier League,2013/2014,2013
45,Centre-Forward,"Sep 12, 1990 (22)",NA,NA,England,Tottenham Hotspur,Premier League,2013/2014,2013
NA,Centre-Forward,"Nov 2, 1994 (18)",NA,NA,England,Tottenham Hotspur,Premier League,2013/2014,2013
NA,Goalkeeper,"Aug 31, 1982 (30)",NA,NA,Spain,Liverpool FC,Premier League,2013/2014,2013
22,Goalkeeper,"Mar 6, 1988 (25)",NA,NA,Belgium,Liverpool FC,Premier League,2013/2014,2013
1,Goalkeeper,"Mar 19, 1982 (31)",NA,NA,Australia,Liverpool FC,Premier League,2013/2014,2013
52,Goalkeeper,"Jun 22, 1993 (20)",NA,NA,Wales,Liverpool FC,Premier League,2013/2014,2013
5,Centre-Back,"Dec 12, 1984 (28)",NA,NA,Denmark,Liverpool FC,Premier League,2013/2014,2013
17,Centre-Back,"Feb 13, 1990 (23)",NA,NA,France,Liverpool FC,Premier League,2013/2014,2013
37,Centre-Back,"Dec 15, 1984 (28)",NA,NA,Slovakia,Liverpool FC,Premier League,2013/2014,2013
4,Centre-Back,"Mar 19, 1981 (32)",NA,NA,Cote d'Ivoire,Liverpool FC,Premier League,2013/2014,2013
NA,Centre-Back,"Oct 7, 1990 (22)",NA,NA,Uruguay,Liverpool FC,Premier League,2013/2014,2013
NA,Centre-Back,"Feb 26, 1993 (20)",NA,NA,Portugal,Liverpool FC,Premier League,2013/2014,2013
45,Centre-Back,"Mar 5, 1993 (20)",NA,NA,Germany,Liverpool FC,Premier League,2013/2014,2013
3,Left-Back,"Jan 23, 1986 (27)",NA,NA,Spain,Liverpool FC,Premier League,2013/2014,2013
NA,Left-Back,"Sep 15, 1987 (25)",NA,NA,France,Liverpool FC,Premier League,2013/2014,2013
NA,Left-Back,"Apr 9, 1994 (19)",NA,NA,Australia,Liverpool FC,Premier League,2013/2014,2013
2,Right-Back,"Aug 23, 1984 (28)",NA,NA,England,Liverpool FC,Premier League,2013/2014,2013
34,Right-Back,"Apr 27, 1990 (23)",NA,NA,England,Liverpool FC,Premier League,2013/2014,2013
47,Right-Back,"May 9, 1993 (20)",NA,NA,England,Liverpool FC,Premier League,2013/2014,2013
38,Right-Back,"Jan 1, 1993 (20)",NA,NA,England,Liverpool FC,Premier League,2013/2014,2013
21,Defensive Midfield,"Jan 9, 1987 (26)",NA,NA,Brazil,Liverpool FC,Premier League,2013/2014,2013
24,Central Midfield,"Mar 14, 1990 (23)",NA,NA,Wales,Liverpool FC,Premier League,2013/2014,2013
8,Central Midfield,"May 30, 1980 (33)",NA,NA,England,Liverpool FC,Premier League,2013/2014,2013
14,Central Midfield,"Jun 17, 1990 (23)",NA,NA,England,Liverpool FC,Premier League,2013/2014,2013
46,Central Midfield,"Mar 24, 1997 (16)",NA,NA,England,Liverpool FC,Premier League,2013/2014,2013
6,Attacking Midfield,"Sep 28, 1992 (20)",NA,NA,Spain,Liverpool FC,Premier League,2013/2014,2013
NA,Attacking Midfield,"Jan 19, 1993 (20)",NA,NA,Hungary,Liverpool FC,Premier League,2013/2014,2013
NA,Attacking Midfield,"Jan 18, 1993 (20)",NA,NA,Portugal,Liverpool FC,Premier League,2013/2014,2013
50,Attacking Midfield,"May 9, 1996 (17)",NA,NA,England,Liverpool FC,Premier League,2013/2014,2013
29,Left Winger,"Mar 29, 1991 (22)",NA,NA,Italy,Liverpool FC,Premier League,2013/2014,2013
10,Left Winger,"Jun 12, 1992 (21)",NA,NA,Brazil,Liverpool FC,Premier League,2013/2014,2013
NA,Right Winger,"Dec 12, 1990 (22)",NA,NA,Nigeria,Liverpool FC,Premier League,2013/2014,2013
31,Right Winger,"Dec 8, 1994 (18)",NA,NA,England,Liverpool FC,Premier League,2013/2014,2013
NA,Right Winger,"Nov 19, 1993 (19)",NA,NA,Spain,Liverpool FC,Premier League,2013/2014,2013
NA,Right Winger,"Dec 8, 1995 (17)",NA,NA,England,Liverpool FC,Premier League,2013/2014,2013
7,Centre-Forward,"Jan 24, 1987 (26)",NA,NA,Uruguay,Liverpool FC,Premier League,2013/2014,2013
15,Centre-Forward,"Sep 1, 1989 (23)",NA,NA,England,Liverpool FC,Premier League,2013/2014,2013
9,Centre-Forward,"Aug 1, 1987 (25)",NA,NA,Spain,Liverpool FC,Premier League,2013/2014,2013
24,Goalkeeper,"Mar 6, 1979 (34)",NA,NA,United States,Everton FC,Premier League,2013/2014,2013
1,Goalkeeper,"Jun 17, 1990 (23)",NA,NA,Spain,Everton FC,Premier League,2013/2014,2013
46,Goalkeeper,"Nov 1, 1994 (18)",NA,NA,England,Everton FC,Premier League,2013/2014,2013
6,Centre-Back,"Aug 17, 1982 (30)",NA,NA,England,Everton FC,Premier League,2013/2014,2013
NA,Centre-Back,"Nov 15, 1983 (29)",NA,NA,Netherlands,Everton FC,Premier League,2013/2014,2013
26,Centre-Back,"May 28, 1994 (19)",NA,NA,England,Everton FC,Premier League,2013/2014,2013
32,Centre-Back,"Jul 30, 1982 (30)",NA,NA,Paraguay,Everton FC,Premier League,2013/2014,2013
15,Centre-Back,"Dec 16, 1977 (35)",NA,NA,France,Everton FC,Premier League,2013/2014,2013
36,Centre-Back,"May 27, 1994 (19)",NA,NA,England,Everton FC,Premier League,2013/2014,2013
3,Left-Back,"Dec 11, 1984 (28)",NA,NA,England,Everton FC,Premier League,2013/2014,2013
8,Left-Back,"Feb 18, 1990 (23)",NA,NA,Costa Rica,Everton FC,Premier League,2013/2014,2013
NA,Left-Back,"May 21, 1993 (20)",NA,NA,England,Everton FC,Premier League,2013/2014,2013
23,Right-Back,"Oct 11, 1988 (24)",NA,NA,Ireland,Everton FC,Premier League,2013/2014,2013
2,Right-Back,"Feb 20, 1981 (32)",NA,NA,England,Everton FC,Premier League,2013/2014,2013
18,Defensive Midfield,"Feb 23, 1981 (32)",NA,NA,England,Everton FC,Premier League,2013/2014,2013
NA,Central Midfield,"Nov 22, 1987 (25)",NA,NA,Belgium,Everton FC,Premier League,2013/2014,2013
16,Central Midfield,"Nov 12, 1990 (22)",NA,NA,Ireland,Everton FC,Premier League,2013/2014,2013
20,Central Midfield,"Dec 5, 1993 (19)",NA,NA,England,Everton FC,Premier League,2013/2014,2013
21,Central Midfield,"May 17, 1981 (32)",NA,NA,England,Everton FC,Premier League,2013/2014,2013
4,Central Midfield,"Oct 25, 1987 (25)",NA,NA,Ireland,Everton FC,Premier League,2013/2014,2013
46,Central Midfield,"Aug 19, 1997 (15)",NA,NA,England,Everton FC,Premier League,2013/2014,2013
7,Left Winger,"Apr 4, 1986 (27)",NA,NA,Ireland,Everton FC,Premier League,2013/2014,2013
22,Left Winger,"Mar 17, 1982 (31)",NA,NA,South Africa,Everton FC,Premier League,2013/2014,2013
NA,Right Winger,"Mar 13, 1994 (19)",NA,NA,Spain,Everton FC,Premier League,2013/2014,2013
11,Right Winger,"Oct 5, 1987 (25)",NA,NA,Belgium,Everton FC,Premier League,2013/2014,2013
14,Second Striker,"Sep 14, 1986 (26)",NA,NA,Scotland,Everton FC,Premier League,2013/2014,2013
17,Centre-Forward,"May 13, 1993 (20)",NA,NA,Belgium,Everton FC,Premier League,2013/2014,2013
NA,Centre-Forward,"May 20, 1990 (23)",NA,NA,Cote d'Ivoire,Everton FC,Premier League,2013/2014,2013
NA,Centre-Forward,"Aug 27, 1985 (27)",NA,NA,Croatia,Everton FC,Premier League,2013/2014,2013
9,Centre-Forward,"Nov 11, 1983 (29)",NA,NA,Cote d'Ivoire,Everton FC,Premier League,2013/2014,2013
NA,Centre-Forward,"Apr 23, 1988 (25)",NA,NA,Nigeria,Everton FC,Premier League,2013/2014,2013
NA,Centre-Forward,"Jan 8, 1992 (21)",NA,NA,Greece,Everton FC,Premier League,2013/2014,2013
19,Centre-Forward,"Jul 6, 1990 (22)",NA,NA,Senegal,Everton FC,Premier League,2013/2014,2013
35,Centre-Forward,"Aug 12, 1992 (20)",NA,NA,England,Everton FC,Premier League,2013/2014,2013
1,Goalkeeper,"Apr 3, 1988 (25)",NA,NA,Netherlands,Newcastle United,Premier League,2013/2014,2013
21,Goalkeeper,"Apr 30, 1986 (27)",NA,NA,Ireland,Newcastle United,Premier League,2013/2014,2013
42,Goalkeeper,"Jun 17, 1993 (20)",NA,NA,England,Newcastle United,Premier League,2013/2014,2013
13,Centre-Back,"May 15, 1989 (24)",NA,NA,France,Newcastle United,Premier League,2013/2014,2013
2,Centre-Back,"Jan 22, 1982 (31)",NA,NA,Argentina,Newcastle United,Premier League,2013/2014,2013
27,Centre-Back,"Jan 23, 1986 (27)",NA,NA,England,Newcastle United,Premier League,2013/2014,2013
6,Centre-Back,"Nov 8, 1983 (29)",NA,NA,England,Newcastle United,Premier League,2013/2014,2013
3,Centre-Back,"Mar 23, 1993 (20)",NA,NA,Australia,Newcastle United,Premier League,2013/2014,2013
37,Centre-Back,"Dec 2, 1995 (17)",NA,NA,Slovakia,Newcastle United,Premier League,2013/2014,2013
44,Centre-Back,"Nov 2, 1994 (18)",NA,NA,England,Newcastle United,Premier League,2013/2014,2013
3,Left-Back,"Jan 2, 1991 (22)",NA,NA,Italy,Newcastle United,Premier League,2013/2014,2013
19,Left-Back,"Dec 2, 1992 (20)",NA,NA,Mali,Newcastle United,Premier League,2013/2014,2013
36,Left-Back,"Sep 26, 1991 (21)",NA,NA,Wales,Newcastle United,Premier League,2013/2014,2013
26,Right-Back,"Jul 28, 1985 (27)",NA,NA,France,Newcastle United,Premier League,2013/2014,2013
16,Right-Back,"Aug 19, 1984 (28)",NA,NA,England,Newcastle United,Premier League,2013/2014,2013
34,Right-Back,"Oct 31, 1991 (21)",NA,NA,England,Newcastle United,Premier League,2013/2014,2013
24,Defensive Midfield,"Jun 21, 1986 (27)",NA,NA,Cote d'Ivoire,Newcastle United,Premier League,2013/2014,2013
8,Defensive Midfield,"Apr 4, 1989 (24)",NA,NA,Netherlands,Newcastle United,Premier League,2013/2014,2013
NA,Central Midfield,"Jan 14, 1986 (27)",NA,NA,France,Newcastle United,Premier League,2013/2014,2013
7,Central Midfield,"Aug 16, 1989 (23)",NA,NA,France,Newcastle United,Premier League,2013/2014,2013
NA,Central Midfield,"Jul 5, 1983 (29)",NA,NA,Argentina,Newcastle United,Premier League,2013/2014,2013
20,Central Midfield,"Oct 22, 1993 (19)",NA,NA,Burundi,Newcastle United,Premier League,2013/2014,2013
15,Central Midfield,"Feb 1, 1990 (23)",NA,NA,England,Newcastle United,Premier League,2013/2014,2013
NA,Central Midfield,"Aug 27, 1989 (23)",NA,NA,France,Newcastle United,Premier League,2013/2014,2013
24,Central Midfield,"Oct 17, 1991 (21)",NA,NA,England,Newcastle United,Premier League,2013/2014,2013
NA,Central Midfield,"Aug 6, 1992 (20)",NA,NA,Algeria,Newcastle United,Premier League,2013/2014,2013
10,Attacking Midfield,"Mar 7, 1987 (26)",NA,NA,France,Newcastle United,Premier League,2013/2014,2013
22,Attacking Midfield,"Apr 15, 1986 (27)",NA,NA,Martinique,Newcastle United,Premier League,2013/2014,2013
NA,Attacking Midfield,"Aug 21, 1992 (20)",NA,NA,Slovenia,Newcastle United,Premier League,2013/2014,2013
11,Left Winger,"May 25, 1986 (27)",NA,NA,France,Newcastle United,Premier League,2013/2014,2013
25,Right Winger,"Feb 26, 1989 (24)",NA,NA,France,Newcastle United,Premier League,2013/2014,2013
9,Centre-Forward,"Jun 3, 1985 (28)",NA,NA,Senegal,Newcastle United,Premier League,2013/2014,2013
NA,Centre-Forward,"Aug 27, 1990 (22)",NA,NA,Netherlands,Newcastle United,Premier League,2013/2014,2013
14,Centre-Forward,"Jan 2, 1987 (26)",NA,NA,France,Newcastle United,Premier League,2013/2014,2013
28,Centre-Forward,"May 1, 1992 (21)",NA,NA,England,Newcastle United,Premier League,2013/2014,2013
23,Centre-Forward,"Oct 12, 1981 (31)",NA,NA,Nigeria,Newcastle United,Premier League,2013/2014,2013
NA,Centre-Forward,"Feb 10, 1997 (16)",NA,NA,England,Newcastle United,Premier League,2013/2014,2013
20,Goalkeeper,"Oct 23, 1984 (28)",NA,NA,Ireland,Sunderland AFC,Premier League,2013/2014,2013
25,Goalkeeper,"Mar 2, 1988 (25)",NA,NA,Italy,Sunderland AFC,Premier League,2013/2014,2013
32,Goalkeeper,"Jul 3, 1986 (26)",NA,NA,Argentina,Sunderland AFC,Premier League,2013/2014,2013
13,Goalkeeper,"Mar 7, 1994 (19)",NA,NA,England,Sunderland AFC,Premier League,2013/2014,2013
48,Goalkeeper,"Dec 9, 1993 (19)",NA,NA,England,Sunderland AFC,Premier League,2013/2014,2013
NA,Centre-Back,"Mar 2, 1987 (26)",NA,NA,France,Sunderland AFC,Premier League,2013/2014,2013
NA,Centre-Back,"Jun 18, 1989 (24)",NA,NA,Czech Republic,Sunderland AFC,Premier League,2013/2014,2013
16,Centre-Back,"Apr 30, 1981 (32)",NA,NA,Ireland,Sunderland AFC,Premier League,2013/2014,2013
24,Centre-Back,"Aug 23, 1981 (31)",NA,NA,Spain,Sunderland AFC,Premier League,2013/2014,2013
29,Centre-Back,"Jun 9, 1987 (26)",NA,NA,France,Sunderland AFC,Premier League,2013/2014,2013
5,Centre-Back,"Oct 13, 1979 (33)",NA,NA,England,Sunderland AFC,Premier League,2013/2014,2013
NA,Centre-Back,"Aug 3, 1988 (24)",NA,NA,Argentina,Sunderland AFC,Premier League,2013/2014,2013
NA,Left-Back,"Dec 28, 1990 (22)",NA,NA,Spain,Sunderland AFC,Premier League,2013/2014,2013
2,Right-Back,"Jun 28, 1985 (28)",NA,NA,Scotland,Sunderland AFC,Premier League,2013/2014,2013
NA,Right-Back,"Dec 15, 1992 (20)",NA,NA,England,Sunderland AFC,Premier League,2013/2014,2013
4,Defensive Midfield,"Jan 24, 1989 (24)",NA,NA,"Korea, South",Sunderland AFC,Premier League,2013/2014,2013
14,Defensive Midfield,"Oct 24, 1989 (23)",NA,NA,England,Sunderland AFC,Premier League,2013/2014,2013
33,Defensive Midfield,"Mar 21, 1988 (25)",NA,NA,England,Sunderland AFC,Premier League,2013/2014,2013
NA,Defensive Midfield,"Mar 6, 1990 (23)",NA,NA,Senegal,Sunderland AFC,Premier League,2013/2014,2013
NA,Defensive Midfield,"Feb 18, 1983 (30)",NA,NA,Wales,Sunderland AFC,Premier League,2013/2014,2013
26,Defensive Midfield,"May 8, 1989 (24)",NA,NA,Scotland,Sunderland AFC,Premier League,2013/2014,2013
NA,Defensive Midfield,"Oct 22, 1988 (24)",NA,NA,Switzerland,Sunderland AFC,Premier League,2013/2014,2013
NA,Defensive Midfield,"Mar 5, 1993 (20)",NA,NA,France,Sunderland AFC,Premier League,2013/2014,2013
8,Central Midfield,"Nov 25, 1986 (26)",NA,NA,England,Sunderland AFC,Premier League,2013/2014,2013
7,Central Midfield,"Jun 6, 1985 (28)",NA,NA,Sweden,Sunderland AFC,Premier League,2013/2014,2013
42,Central Midfield,"Apr 11, 1995 (18)",NA,NA,England,Sunderland AFC,Premier League,2013/2014,2013
23,Left Midfield,"May 5, 1985 (28)",NA,NA,Italy,Sunderland AFC,Premier League,2013/2014,2013
3,Left Midfield,"Sep 11, 1981 (31)",NA,NA,Italy,Sunderland AFC,Premier League,2013/2014,2013
NA,Attacking Midfield,"Jun 1, 1984 (29)",NA,NA,Benin,Sunderland AFC,Premier League,2013/2014,2013
31,Left Winger,"Mar 29, 1991 (22)",NA,NA,Italy,Sunderland AFC,Premier League,2013/2014,2013
11,Right Winger,"Jul 14, 1987 (25)",NA,NA,England,Sunderland AFC,Premier League,2013/2014,2013
35,Right Winger,"Feb 21, 1994 (19)",NA,NA,Greece,Sunderland AFC,Premier League,2013/2014,2013
19,Right Winger,"Mar 20, 1994 (19)",NA,NA,Sweden,Sunderland AFC,Premier League,2013/2014,2013
22,Right Winger,"Mar 8, 1994 (19)",NA,NA,England,Sunderland AFC,Premier League,2013/2014,2013
9,Centre-Forward,"Mar 26, 1987 (26)",NA,NA,Scotland,Sunderland AFC,Premier League,2013/2014,2013
30,Centre-Forward,"May 29, 1985 (28)",NA,NA,Argentina,Sunderland AFC,Premier League,2013/2014,2013
10,Centre-Forward,"Mar 31, 1993 (20)",NA,NA,England,Sunderland AFC,Premier League,2013/2014,2013
17,Centre-Forward,"Nov 6, 1989 (23)",NA,NA,United States,Sunderland AFC,Premier League,2013/2014,2013
NA,Centre-Forward,"May 28, 1991 (22)",NA,NA,"Korea, South",Sunderland AFC,Premier League,2013/2014,2013
1,Goalkeeper,"Sep 22, 1982 (30)",NA,NA,Netherlands,Fulham FC,Premier League,2013/2014,2013
13,Goalkeeper,"Sep 20, 1985 (27)",NA,NA,England,Fulham FC,Premier League,2013/2014,2013
38,Goalkeeper,"Feb 7, 1990 (23)",NA,NA,Philippines,Fulham FC,Premier League,2013/2014,2013
40,Goalkeeper,"May 24, 1992 (21)",NA,NA,England,Fulham FC,Premier League,2013/2014,2013
41,Goalkeeper,"Mar 21, 1993 (20)",NA,NA,Finland,Fulham FC,Premier League,2013/2014,2013
4,Centre-Back,"Nov 15, 1983 (29)",NA,NA,Netherlands,Fulham FC,Premier League,2013/2014,2013
35,Centre-Back,"Mar 29, 1985 (28)",NA,NA,Venezuela,Fulham FC,Premier League,2013/2014,2013
NA,Centre-Back,"Jun 20, 1981 (32)",NA,NA,Norway,Fulham FC,Premier League,2013/2014,2013
NA,Centre-Back,"Feb 14, 1985 (28)",NA,NA,Switzerland,Fulham FC,Premier League,2013/2014,2013
NA,Centre-Back,"Nov 8, 1979 (33)",NA,NA,Northern Ireland,Fulham FC,Premier League,2013/2014,2013
33,Centre-Back,"May 9, 1992 (21)",NA,NA,England,Fulham FC,Premier League,2013/2014,2013
15,Left-Back,"Oct 21, 1984 (28)",NA,NA,England,Fulham FC,Premier League,2013/2014,2013
3,Left-Back,"Sep 24, 1980 (32)",NA,NA,Norway,Fulham FC,Premier League,2013/2014,2013
17,Left-Back,"Mar 6, 1991 (22)",NA,NA,Guyana,Fulham FC,Premier League,2013/2014,2013
27,Right-Back,"Mar 23, 1983 (30)",NA,NA,Germany,Fulham FC,Premier League,2013/2014,2013
NA,Right-Back,"Nov 21, 1994 (18)",NA,NA,England,Fulham FC,Premier League,2013/2014,2013
NA,Defensive Midfield,"Feb 24, 1985 (28)",NA,NA,Denmark,Fulham FC,Premier League,2013/2014,2013
9,Defensive Midfield,"May 18, 1981 (32)",NA,NA,Mali,Fulham FC,Premier League,2013/2014,2013
23,Defensive Midfield,"May 2, 1983 (30)",NA,NA,Ghana,Fulham FC,Premier League,2013/2014,2013
22,Defensive Midfield,"Oct 31, 1986 (26)",NA,NA,Montenegro,Fulham FC,Premier League,2013/2014,2013
49,Defensive Midfield,"Sep 23, 1992 (20)",NA,NA,Wales,Fulham FC,Premier League,2013/2014,2013
28,Central Midfield,"Oct 13, 1980 (32)",NA,NA,England,Fulham FC,Premier League,2013/2014,2013
7,Central Midfield,"Dec 14, 1982 (30)",NA,NA,England,Fulham FC,Premier League,2013/2014,2013
8,Central Midfield,"Jun 2, 1992 (21)",NA,NA,Switzerland,Fulham FC,Premier League,2013/2014,2013
14,Central Midfield,"Mar 6, 1977 (36)",NA,NA,Greece,Fulham FC,Premier League,2013/2014,2013
19,Central Midfield,"Dec 30, 1992 (20)",NA,NA,England,Fulham FC,Premier League,2013/2014,2013
NA,Central Midfield,"Aug 15, 1994 (18)",NA,NA,Denmark,Fulham FC,Premier League,2013/2014,2013
16,Right Midfield,"Mar 2, 1979 (34)",NA,NA,Ireland,Fulham FC,Premier League,2013/2014,2013
NA,Right Midfield,"Mar 9, 1993 (20)",NA,NA,England,Fulham FC,Premier League,2013/2014,2013
11,Left Midfield,"Aug 13, 1991 (21)",NA,NA,Sweden,Fulham FC,Premier League,2013/2014,2013
NA,Attacking Midfield,"Aug 18, 1985 (27)",NA,NA,Costa Rica,Fulham FC,Premier League,2013/2014,2013
10,Attacking Midfield,"Sep 18, 1990 (22)",NA,NA,Germany,Fulham FC,Premier League,2013/2014,2013
NA,Attacking Midfield,"May 24, 1989 (24)",NA,NA,Morocco,Fulham FC,Premier League,2013/2014,2013
NA,Attacking Midfield,"Mar 6, 1993 (20)",NA,NA,Netherlands,Fulham FC,Premier League,2013/2014,2013
32,Attacking Midfield,"Sep 7, 1995 (17)",NA,NA,Wales,Fulham FC,Premier League,2013/2014,2013
NA,Left Winger,"Mar 2, 1995 (18)",NA,NA,France,Fulham FC,Premier League,2013/2014,2013
NA,Left Winger,"Feb 22, 1995 (18)",NA,NA,Sweden,Fulham FC,Premier League,2013/2014,2013
24,Right Winger,"Jul 5, 1986 (26)",NA,NA,Iran,Fulham FC,Premier League,2013/2014,2013
NA,Right Winger,"May 6, 1993 (20)",NA,NA,Guinea-Bissau,Fulham FC,Premier League,2013/2014,2013
NA,Right Winger,"Feb 5, 1997 (16)",NA,NA,England,Fulham FC,Premier League,2013/2014,2013
NA,Second Striker,"Mar 9, 1983 (30)",NA,NA,United States,Fulham FC,Premier League,2013/2014,2013
NA,Centre-Forward,"Feb 6, 1984 (29)",NA,NA,England,Fulham FC,Premier League,2013/2014,2013
NA,Centre-Forward,"Jan 30, 1981 (32)",NA,NA,Bulgaria,Fulham FC,Premier League,2013/2014,2013
18,Centre-Forward,"Mar 12, 1988 (25)",NA,NA,Greece,Fulham FC,Premier League,2013/2014,2013
20,Centre-Forward,"Jul 25, 1985 (27)",NA,NA,Colombia,Fulham FC,Premier League,2013/2014,2013
29,Centre-Forward,"Sep 29, 1992 (20)",NA,NA,Italy,Fulham FC,Premier League,2013/2014,2013
NA,Centre-Forward,"Dec 2, 1994 (18)",NA,NA,England,Fulham FC,Premier League,2013/2014,2013
NA,Centre-Forward,"Jul 12, 1996 (16)",NA,NA,France,Fulham FC,Premier League,2013/2014,2013
13,Goalkeeper,"Jan 3, 1987 (26)",NA,NA,Spain,West Ham United,Premier League,2013/2014,2013
25,Goalkeeper,"May 2, 1988 (25)",NA,NA,Ireland,West Ham United,Premier League,2013/2014,2013
22,Goalkeeper,"Apr 19, 1975 (38)",NA,NA,Finland,West Ham United,Premier League,2013/2014,2013
29,Goalkeeper,"Dec 19, 1992 (20)",NA,NA,Switzerland,West Ham United,Premier League,2013/2014,2013
2,Centre-Back,"Jul 3, 1988 (24)",NA,NA,New Zealand,West Ham United,Premier League,2013/2014,2013
5,Centre-Back,"Mar 29, 1989 (24)",NA,NA,England,West Ham United,Premier League,2013/2014,2013
19,Centre-Back,"Aug 23, 1983 (29)",NA,NA,Wales,West Ham United,Premier League,2013/2014,2013
28,Centre-Back,"Apr 28, 1983 (30)",NA,NA,England,West Ham United,Premier League,2013/2014,2013
NA,Centre-Back,"Aug 5, 1995 (17)",NA,NA,England,West Ham United,Premier League,2013/2014,2013
NA,Centre-Back,"Sep 2, 1996 (16)",NA,NA,England,West Ham United,Premier League,2013/2014,2013
NA,Left-Back,"Nov 2, 1986 (26)",NA,NA,Colombia,West Ham United,Premier League,2013/2014,2013
NA,Left-Back,"May 26, 1981 (32)",NA,NA,Romania,West Ham United,Premier League,2013/2014,2013
3,Left-Back,"Apr 29, 1981 (32)",NA,NA,Northern Ireland,West Ham United,Premier League,2013/2014,2013
NA,Left-Back,"Apr 13, 1994 (19)",NA,NA,England,West Ham United,Premier League,2013/2014,2013
17,Right-Back,"Feb 17, 1986 (27)",NA,NA,Ireland,West Ham United,Premier League,2013/2014,2013
20,Right-Back,"Jun 13, 1981 (32)",NA,NA,Cote d'Ivoire,West Ham United,Premier League,2013/2014,2013
NA,Right-Back,"Oct 23, 1992 (20)",NA,NA,England,West Ham United,Premier League,2013/2014,2013
18,Defensive Midfield,"Jul 15, 1981 (31)",NA,NA,France,West Ham United,Premier League,2013/2014,2013
NA,Defensive Midfield,"Mar 22, 1994 (19)",NA,NA,England,West Ham United,Premier League,2013/2014,2013
16,Central Midfield,"May 8, 1987 (26)",NA,NA,England,West Ham United,Premier League,2013/2014,2013
21,Central Midfield,"Jun 14, 1987 (26)",NA,NA,Senegal,West Ham United,Premier League,2013/2014,2013
NA,Central Midfield,"Apr 9, 1985 (28)",NA,NA,Italy,West Ham United,Premier League,2013/2014,2013
NA,Central Midfield,"Oct 2, 1988 (24)",NA,NA,Wales,West Ham United,Premier League,2013/2014,2013
NA,Central Midfield,"Sep 3, 1992 (20)",NA,NA,United States,West Ham United,Premier League,2013/2014,2013
NA,Central Midfield,"Oct 23, 1993 (19)",NA,NA,England,West Ham United,Premier League,2013/2014,2013
17,Central Midfield,"Aug 18, 1993 (19)",NA,NA,England,West Ham United,Premier League,2013/2014,2013
48,Central Midfield,"Nov 11, 1992 (20)",NA,NA,Cote d'Ivoire,West Ham United,Premier League,2013/2014,2013
23,Left Midfield,"Jul 22, 1984 (28)",NA,NA,England,West Ham United,Premier League,2013/2014,2013
14,Left Midfield,"Nov 27, 1981 (31)",NA,NA,England,West Ham United,Premier League,2013/2014,2013
4,Attacking Midfield,"Jun 24, 1982 (31)",NA,NA,England,West Ham United,Premier League,2013/2014,2013
26,Attacking Midfield,"Nov 8, 1981 (31)",NA,NA,England,West Ham United,Premier League,2013/2014,2013
NA,Attacking Midfield,"Feb 2, 1993 (20)",NA,NA,Jamaica,West Ham United,Premier League,2013/2014,2013
7,Left Winger,"May 22, 1986 (27)",NA,NA,England,West Ham United,Premier League,2013/2014,2013
NA,Left Winger,"Jan 28, 1994 (19)",NA,NA,England,West Ham United,Premier League,2013/2014,2013
12,Right Winger,"Oct 1, 1986 (26)",NA,NA,Portugal,West Ham United,Premier League,2013/2014,2013
NA,Right Winger,"May 22, 1994 (19)",NA,NA,England,West Ham United,Premier League,2013/2014,2013
9,Centre-Forward,"Jan 6, 1989 (24)",NA,NA,England,West Ham United,Premier League,2013/2014,2013
NA,Centre-Forward,"Jun 18, 1982 (31)",NA,NA,Italy,West Ham United,Premier League,2013/2014,2013
NA,Centre-Forward,"Sep 3, 1987 (25)",NA,NA,Mali,West Ham United,Premier League,2013/2014,2013
24,Centre-Forward,"Oct 12, 1983 (29)",NA,NA,England,West Ham United,Premier League,2013/2014,2013
NA,Centre-Forward,"Jan 1, 1981 (32)",NA,NA,Croatia,West Ham United,Premier League,2013/2014,2013
38,Centre-Forward,"Mar 8, 1994 (†20)",NA,NA,Australia,West Ham United,Premier League,2013/2014,2013
NA,Centre-Forward,"Dec 16, 1994 (18)",NA,NA,England,West Ham United,Premier League,2013/2014,2013
42,Centre-Forward,"May 1, 1994 (19)",NA,NA,Ireland,West Ham United,Premier League,2013/2014,2013
43,Centre-Forward,"Dec 8, 1995 (17)",NA,NA,England,West Ham United,Premier League,2013/2014,2013
1,Goalkeeper,"Jun 20, 1987 (26)",NA,NA,Bosnia-Herzegovina,Stoke City,Premier League,2013/2014,2013
22,Goalkeeper,"Mar 10, 1993 (20)",NA,NA,England,Stoke City,Premier League,2013/2014,2013
29,Goalkeeper,"Jun 12, 1976 (37)",NA,NA,Denmark,Stoke City,Premier League,2013/2014,2013
35,Goalkeeper,"Jul 9, 1994 (18)",NA,NA,Austria,Stoke City,Premier League,2013/2014,2013
17,Centre-Back,"Oct 4, 1987 (25)",NA,NA,England,Stoke City,Premier League,2013/2014,2013
4,Centre-Back,"Aug 18, 1984 (28)",NA,NA,Germany,Stoke City,Premier League,2013/2014,2013
12,Centre-Back,"Aug 17, 1987 (25)",NA,NA,Ireland,Stoke City,Premier League,2013/2014,2013
5,Centre-Back,"Mar 27, 1992 (21)",NA,NA,Spain,Stoke City,Premier League,2013/2014,2013
3,Left-Back,"Aug 7, 1988 (24)",NA,NA,Netherlands,Stoke City,Premier League,2013/2014,2013
28,Right-Back,"Aug 6, 1984 (28)",NA,NA,England,Stoke City,Premier League,2013/2014,2013
30,Right-Back,"Sep 30, 1988 (24)",NA,NA,England,Stoke City,Premier League,2013/2014,2013
15,Defensive Midfield,"Dec 15, 1988 (24)",NA,NA,France,Stoke City,Premier League,2013/2014,2013
6,Defensive Midfield,"Jan 13, 1984 (29)",NA,NA,Ireland,Stoke City,Premier League,2013/2014,2013
20,Defensive Midfield,"Jul 11, 1985 (27)",NA,NA,United States,Stoke City,Premier League,2013/2014,2013
8,Defensive Midfield,"Jul 29, 1984 (28)",NA,NA,Honduras,Stoke City,Premier League,2013/2014,2013
16,Central Midfield,"Dec 10, 1985 (27)",NA,NA,Scotland,Stoke City,Premier League,2013/2014,2013
14,Central Midfield,"Mar 2, 1991 (22)",NA,NA,Scotland,Stoke City,Premier League,2013/2014,2013
31,Central Midfield,"Feb 19, 1995 (18)",NA,NA,England,Stoke City,Premier League,2013/2014,2013
34,Central Midfield,"Nov 12, 1993 (19)",NA,NA,England,Stoke City,Premier League,2013/2014,2013
11,Left Midfield,"Feb 28, 1990 (23)",NA,NA,United States,Stoke City,Premier League,2013/2014,2013
26,Left Midfield,"Aug 14, 1981 (31)",NA,NA,England,Stoke City,Premier League,2013/2014,2013
32,Attacking Midfield,"Aug 22, 1986 (26)",NA,NA,Ireland,Stoke City,Premier League,2013/2014,2013
24,Left Winger,"Aug 15, 1988 (24)",NA,NA,Morocco,Stoke City,Premier League,2013/2014,2013
21,Left Winger,"Jan 24, 1986 (27)",NA,NA,England,Stoke City,Premier League,2013/2014,2013
19,Right Winger,"Sep 20, 1983 (29)",NA,NA,Ireland,Stoke City,Premier League,2013/2014,2013
9,Right Winger,"Jul 15, 1981 (31)",NA,NA,Nigeria,Stoke City,Premier League,2013/2014,2013
NA,Right Winger,"Jan 15, 1983 (30)",NA,NA,England,Stoke City,Premier League,2013/2014,2013
10,Centre-Forward,"Apr 19, 1989 (24)",NA,NA,Austria,Stoke City,Premier League,2013/2014,2013
23,Centre-Forward,"Apr 15, 1992 (21)",NA,NA,Sweden,Stoke City,Premier League,2013/2014,2013
NA,Centre-Forward,"Oct 5, 1984 (28)",NA,NA,Trinidad and Tobago,Stoke City,Premier League,2013/2014,2013
25,Centre-Forward,"Jan 30, 1981 (32)",NA,NA,England,Stoke City,Premier League,2013/2014,2013
NA,Centre-Forward,"Aug 14, 1986 (26)",NA,NA,England,Stoke City,Premier League,2013/2014,2013
NA,Centre-Forward,"Nov 23, 1992 (20)",NA,NA,United States,Stoke City,Premier League,2013/2014,2013
1,Goalkeeper,"Oct 20, 1983 (29)",NA,NA,Netherlands,Swansea City,Premier League,2013/2014,2013
25,Goalkeeper,"Nov 16, 1978 (34)",NA,NA,Germany,Swansea City,Premier League,2013/2014,2013
45,Goalkeeper,"Aug 18, 1995 (17)",NA,NA,Slovenia,Swansea City,Premier League,2013/2014,2013
13,Goalkeeper,"Mar 28, 1991 (22)",NA,NA,Wales,Swansea City,Premier League,2013/2014,2013
6,Centre-Back,"Aug 23, 1984 (28)",NA,NA,Wales,Swansea City,Premier League,2013/2014,2013
4,Centre-Back,"Mar 6, 1987 (26)",NA,NA,Spain,Swansea City,Premier League,2013/2014,2013
2,Centre-Back,"Mar 21, 1992 (21)",NA,NA,Spain,Swansea City,Premier League,2013/2014,2013
27,Centre-Back,"May 22, 1991 (22)",NA,NA,England,Swansea City,Premier League,2013/2014,2013
NA,Centre-Back,"Mar 6, 1979 (34)",NA,NA,England,Swansea City,Premier League,2013/2014,2013
28,Centre-Back,"Sep 2, 1982 (30)",NA,NA,England,Swansea City,Premier League,2013/2014,2013
3,Left-Back,"Feb 7, 1989 (24)",NA,NA,Wales,Swansea City,Premier League,2013/2014,2013
33,Left-Back,"Apr 24, 1993 (20)",NA,NA,Wales,Swansea City,Premier League,2013/2014,2013
22,Right-Back,"Oct 28, 1982 (30)",NA,NA,Spain,Swansea City,Premier League,2013/2014,2013
19,Right-Back,"Oct 21, 1985 (27)",NA,NA,Netherlands,Swansea City,Premier League,2013/2014,2013
29,Right-Back,"Apr 12, 1991 (22)",NA,NA,Wales,Swansea City,Premier League,2013/2014,2013
35,Right-Back,"Feb 23, 1992 (21)",NA,NA,Wales,Swansea City,Premier League,2013/2014,2013
NA,Defensive Midfield,"Jan 24, 1989 (24)",NA,NA,"Korea, South",Swansea City,Premier League,2013/2014,2013
21,Defensive Midfield,"May 27, 1987 (26)",NA,NA,Spain,Swansea City,Premier League,2013/2014,2013
NA,Central Midfield,"Sep 13, 1987 (25)",NA,NA,Netherlands,Swansea City,Premier League,2013/2014,2013
8,Central Midfield,"Feb 27, 1992 (21)",NA,NA,England,Swansea City,Premier League,2013/2014,2013
7,Central Midfield,"Sep 16, 1982 (30)",NA,NA,England,Swansea City,Premier League,2013/2014,2013
NA,Central Midfield,"Apr 4, 1994 (19)",NA,NA,Scotland,Swansea City,Premier League,2013/2014,2013
31,Central Midfield,"Jun 10, 1992 (21)",NA,NA,Wales,Swansea City,Premier League,2013/2014,2013
53,Central Midfield,"Oct 11, 1995 (17)",NA,NA,Scotland,Swansea City,Premier League,2013/2014,2013
24,Attacking Midfield,"Sep 20, 1991 (21)",NA,NA,Spain,Swansea City,Premier League,2013/2014,2013
15,Left Winger,"Jan 7, 1985 (28)",NA,NA,England,Swansea City,Premier League,2013/2014,2013
NA,Left Winger,"Dec 31, 1987 (25)",NA,NA,Belgium,Swansea City,Premier League,2013/2014,2013
11,Right Winger,"Apr 11, 1985 (28)",NA,NA,Spain,Swansea City,Premier League,2013/2014,2013
12,Right Winger,"Nov 29, 1987 (25)",NA,NA,England,Swansea City,Premier League,2013/2014,2013
9,Second Striker,"Mar 21, 1986 (27)",NA,NA,Spain,Swansea City,Premier League,2013/2014,2013
10,Centre-Forward,"Dec 10, 1988 (24)",NA,NA,Cote d'Ivoire,Swansea City,Premier League,2013/2014,2013
NA,Centre-Forward,"May 27, 1988 (25)",NA,NA,Netherlands,Swansea City,Premier League,2013/2014,2013
NA,Centre-Forward,"Apr 27, 1991 (22)",NA,NA,Spain,Swansea City,Premier League,2013/2014,2013
54,Centre-Forward,"Apr 1, 1989 (24)",NA,NA,France,Swansea City,Premier League,2013/2014,2013
18,Centre-Forward,"Dec 28, 1984 (28)",NA,NA,England,Swansea City,Premier League,2013/2014,2013
NA,Centre-Forward,"Feb 18, 1992 (21)",NA,NA,Northern Ireland,Swansea City,Premier League,2013/2014,2013
1,Goalkeeper,"Sep 9, 1984 (28)",NA,NA,United States,Aston Villa,Premier League,2013/2014,2013
31,Goalkeeper,"Apr 20, 1976 (37)",NA,NA,Ireland,Aston Villa,Premier League,2013/2014,2013
13,Goalkeeper,"Sep 23, 1992 (20)",NA,NA,England,Aston Villa,Premier League,2013/2014,2013
4,Centre-Back,"Feb 16, 1985 (28)",NA,NA,Netherlands,Aston Villa,Premier League,2013/2014,2013
6,Centre-Back,"Sep 26, 1989 (23)",NA,NA,Ireland,Aston Villa,Premier League,2013/2014,2013
5,Centre-Back,"Aug 11, 1992 (20)",NA,NA,Denmark,Aston Villa,Premier League,2013/2014,2013
2,Centre-Back,"Apr 23, 1991 (22)",NA,NA,England,Aston Villa,Premier League,2013/2014,2013
4,Centre-Back,"Feb 14, 1985 (28)",NA,NA,Switzerland,Aston Villa,Premier League,2013/2014,2013
32,Centre-Back,"Nov 3, 1993 (19)",NA,NA,St. Lucia,Aston Villa,Premier League,2013/2014,2013
NA,Left-Back,"Aug 5, 1989 (23)",NA,NA,England,Aston Villa,Premier League,2013/2014,2013
3,Left-Back,"Mar 28, 1990 (23)",NA,NA,England,Aston Villa,Premier League,2013/2014,2013
14,Left-Back,"Mar 17, 1991 (22)",NA,NA,Spain,Aston Villa,Premier League,2013/2014,2013
31,Left-Back,"Jul 9, 1990 (22)",NA,NA,Ireland,Aston Villa,Premier League,2013/2014,2013
34,Right-Back,"Jun 9, 1989 (24)",NA,NA,England,Aston Villa,Premier League,2013/2014,2013
NA,Right-Back,"Nov 30, 1984 (28)",NA,NA,Scotland,Aston Villa,Premier League,2013/2014,2013
15,Defensive Midfield,"Apr 1, 1990 (23)",NA,NA,England,Aston Villa,Premier League,2013/2014,2013
18,Defensive Midfield,"Nov 29, 1990 (22)",NA,NA,Mali,Aston Villa,Premier League,2013/2014,2013
17,Defensive Midfield,"Apr 4, 1989 (24)",NA,NA,Australia,Aston Villa,Premier League,2013/2014,2013
8,Central Midfield,"Jan 27, 1985 (28)",NA,NA,Morocco,Aston Villa,Premier League,2013/2014,2013
16,Central Midfield,"Nov 21, 1989 (23)",NA,NA,England,Aston Villa,Premier League,2013/2014,2013
22,Central Midfield,"Jun 29, 1992 (21)",NA,NA,England,Aston Villa,Premier League,2013/2014,2013
7,Central Midfield,"Aug 21, 1991 (21)",NA,NA,Curacao,Aston Villa,Premier League,2013/2014,2013
36,Central Midfield,"Oct 8, 1992 (20)",NA,NA,Jamaica,Aston Villa,Premier League,2013/2014,2013
NA,Right Midfield,"Nov 18, 1989 (23)",NA,NA,England,Aston Villa,Premier League,2013/2014,2013
NA,Attacking Midfield,"Sep 10, 1995 (17)",NA,NA,England,Aston Villa,Premier League,2013/2014,2013
NA,Left Winger,"Feb 2, 1995 (18)",NA,NA,Ireland,Aston Villa,Premier League,2013/2014,2013
NA,Right Winger,"May 28, 1986 (27)",NA,NA,France,Aston Villa,Premier League,2013/2014,2013
10,Right Winger,"Aug 5, 1991 (21)",NA,NA,Austria,Aston Villa,Premier League,2013/2014,2013
24,Second Striker,"Feb 3, 1990 (23)",NA,NA,Bulgaria,Aston Villa,Premier League,2013/2014,2013
39,Centre-Forward,"Feb 6, 1984 (29)",NA,NA,England,Aston Villa,Premier League,2013/2014,2013
20,Centre-Forward,"Dec 3, 1990 (22)",NA,NA,Belgium,Aston Villa,Premier League,2013/2014,2013
11,Centre-Forward,"Oct 13, 1986 (26)",NA,NA,England,Aston Villa,Premier League,2013/2014,2013
NA,Centre-Forward,"Apr 12, 1981 (32)",NA,NA,England,Aston Villa,Premier League,2013/2014,2013
27,Centre-Forward,"May 30, 1989 (24)",NA,NA,Czech Republic,Aston Villa,Premier League,2013/2014,2013
9,Centre-Forward,"May 8, 1991 (22)",NA,NA,Denmark,Aston Villa,Premier League,2013/2014,2013
NA,Centre-Forward,"Jul 2, 1991 (21)",NA,NA,England,Aston Villa,Premier League,2013/2014,2013
25,Goalkeeper,"Jan 2, 1992 (21)",NA,NA,Argentina,Southampton FC,Premier League,2013/2014,2013
31,Goalkeeper,"Feb 20, 1980 (33)",NA,NA,Poland,Southampton FC,Premier League,2013/2014,2013
1,Goalkeeper,"Sep 29, 1976 (36)",NA,NA,England,Southampton FC,Premier League,2013/2014,2013
41,Goalkeeper,"Feb 16, 1993 (20)",NA,NA,United States,Southampton FC,Premier League,2013/2014,2013
5,Centre-Back,"Jul 5, 1989 (23)",NA,NA,Croatia,Southampton FC,Premier League,2013/2014,2013
3,Centre-Back,"Aug 24, 1988 (24)",NA,NA,Japan,Southampton FC,Premier League,2013/2014,2013
6,Centre-Back,"Dec 22, 1983 (29)",NA,NA,Portugal,Southampton FC,Premier League,2013/2014,2013
26,Centre-Back,"Apr 22, 1983 (30)",NA,NA,Netherlands,Southampton FC,Premier League,2013/2014,2013
35,Centre-Back,"Jan 27, 1994 (19)",NA,NA,England,Southampton FC,Premier League,2013/2014,2013
22,Centre-Back,"Jan 20, 1995 (18)",NA,NA,England,Southampton FC,Premier League,2013/2014,2013
32,Centre-Back,"Nov 7, 1995 (17)",NA,NA,England,Southampton FC,Premier League,2013/2014,2013
23,Left-Back,"Jul 12, 1995 (17)",NA,NA,England,Southampton FC,Premier League,2013/2014,2013
NA,Left-Back,"May 29, 1986 (27)",NA,NA,Scotland,Southampton FC,Premier League,2013/2014,2013
NA,Left-Back,"Feb 6, 1995 (18)",NA,NA,England,Southampton FC,Premier League,2013/2014,2013
33,Left-Back,"Sep 18, 1995 (17)",NA,NA,England,Southampton FC,Premier League,2013/2014,2013
2,Right-Back,"Apr 5, 1991 (22)",NA,NA,England,Southampton FC,Premier League,2013/2014,2013
12,Defensive Midfield,"Jun 25, 1991 (22)",NA,NA,Kenya,Southampton FC,Premier League,2013/2014,2013
4,Defensive Midfield,"Nov 8, 1989 (23)",NA,NA,France,Southampton FC,Premier League,2013/2014,2013
18,Defensive Midfield,"Jun 25, 1989 (24)",NA,NA,England,Southampton FC,Premier League,2013/2014,2013
8,Central Midfield,"Jan 1, 1985 (28)",NA,NA,Northern Ireland,Southampton FC,Premier League,2013/2014,2013
16,Central Midfield,"Nov 1, 1994 (18)",NA,NA,England,Southampton FC,Premier League,2013/2014,2013
NA,Central Midfield,"Jan 27, 1995 (18)",NA,NA,England,Southampton FC,Premier League,2013/2014,2013
10,Attacking Midfield,"Dec 2, 1990 (22)",NA,NA,Uruguay,Southampton FC,Premier League,2013/2014,2013
20,Attacking Midfield,"May 10, 1988 (25)",NA,NA,England,Southampton FC,Premier League,2013/2014,2013
21,Attacking Midfield,"Dec 31, 1981 (31)",NA,NA,Brazil,Southampton FC,Premier League,2013/2014,2013
NA,Left Winger,"Jan 12, 1993 (20)",NA,NA,Wales,Southampton FC,Premier League,2013/2014,2013
NA,Left Winger,"Oct 30, 1994 (18)",NA,NA,England,Southampton FC,Premier League,2013/2014,2013
NA,Second Striker,"Nov 29, 1994 (18)",NA,NA,England,Southampton FC,Premier League,2013/2014,2013
NA,Centre-Forward,"Jan 12, 1986 (27)",NA,NA,Italy,Southampton FC,Premier League,2013/2014,2013
9,Centre-Forward,"Jul 29, 1989 (23)",NA,NA,England,Southampton FC,Premier League,2013/2014,2013
7,Centre-Forward,"Feb 16, 1982 (31)",NA,NA,England,Southampton FC,Premier League,2013/2014,2013
NA,Centre-Forward,"Feb 5, 1986 (27)",NA,NA,England,Southampton FC,Premier League,2013/2014,2013
NA,Centre-Forward,"Nov 21, 1990 (22)",NA,NA,Zambia,Southampton FC,Premier League,2013/2014,2013
NA,Centre-Forward,"Dec 19, 1985 (27)",NA,NA,Japan,Southampton FC,Premier League,2013/2014,2013
40,Centre-Forward,"Sep 15, 1995 (17)",NA,NA,England,Southampton FC,Premier League,2013/2014,2013
1,Goalkeeper,"Oct 24, 1986 (26)",NA,NA,England,Norwich City,Premier League,2013/2014,2013
13,Goalkeeper,"Nov 16, 1984 (28)",NA,NA,England,Norwich City,Premier League,2013/2014,2013
20,Goalkeeper,"Sep 13, 1973 (39)",NA,NA,England,Norwich City,Premier League,2013/2014,2013
5,Centre-Back,"Jul 9, 1986 (26)",NA,NA,Cameroon,Norwich City,Premier League,2013/2014,2013
NA,Centre-Back,"Sep 6, 1980 (32)",NA,NA,Nigeria,Norwich City,Premier League,2013/2014,2013
24,Centre-Back,"Mar 6, 1990 (23)",NA,NA,England,Norwich City,Premier League,2013/2014,2013
2,Centre-Back,"Jan 4, 1986 (27)",NA,NA,Scotland,Norwich City,Premier League,2013/2014,2013
6,Centre-Back,"Nov 9, 1983 (29)",NA,NA,England,Norwich City,Premier League,2013/2014,2013
34,Centre-Back,"Sep 13, 1994 (18)",NA,NA,Algeria,Norwich City,Premier League,2013/2014,2013
23,Left-Back,"May 17, 1988 (25)",NA,NA,Sweden,Norwich City,Premier League,2013/2014,2013
18,Left-Back,"Mar 15, 1985 (28)",NA,NA,Spain,Norwich City,Premier League,2013/2014,2013
3,Right-Back,"Jun 16, 1984 (29)",NA,NA,Scotland,Norwich City,Premier League,2013/2014,2013
33,Right-Back,"May 9, 1995 (18)",NA,NA,England,Norwich City,Premier League,2013/2014,2013
27,Defensive Midfield,"Apr 4, 1986 (27)",NA,NA,Norway,Norwich City,Premier League,2013/2014,2013
10,Central Midfield,"Jan 5, 1990 (23)",NA,NA,Netherlands,Norwich City,Premier League,2013/2014,2013
NA,Central Midfield,"Jul 5, 1983 (29)",NA,NA,Argentina,Norwich City,Premier League,2013/2014,2013
8,Central Midfield,"May 21, 1988 (25)",NA,NA,England,Norwich City,Premier League,2013/2014,2013
4,Central Midfield,"Apr 28, 1987 (26)",NA,NA,England,Norwich City,Premier League,2013/2014,2013
21,Central Midfield,"Jun 10, 1990 (23)",NA,NA,England,Norwich City,Premier League,2013/2014,2013
25,Central Midfield,"Dec 13, 1983 (29)",NA,NA,England,Norwich City,Premier League,2013/2014,2013
17,Right Midfield,"Dec 18, 1988 (24)",NA,NA,Jamaica,Norwich City,Premier League,2013/2014,2013
14,Attacking Midfield,"May 20, 1982 (31)",NA,NA,Ireland,Norwich City,Premier League,2013/2014,2013
12,Left Winger,"Jun 6, 1988 (25)",NA,NA,Ireland,Norwich City,Premier League,2013/2014,2013
22,Left Winger,"Mar 6, 1994 (19)",NA,NA,England,Norwich City,Premier League,2013/2014,2013
31,Left Winger,"Feb 24, 1995 (18)",NA,NA,England,Norwich City,Premier League,2013/2014,2013
7,Right Winger,"Sep 7, 1987 (25)",NA,NA,Scotland,Norwich City,Premier League,2013/2014,2013
32,Right Winger,"Feb 24, 1995 (18)",NA,NA,England,Norwich City,Premier League,2013/2014,2013
9,Centre-Forward,"Jan 27, 1989 (24)",NA,NA,Netherlands,Norwich City,Premier League,2013/2014,2013
11,Centre-Forward,"Jan 26, 1988 (25)",NA,NA,England,Norwich City,Premier League,2013/2014,2013
NA,Centre-Forward,"May 27, 1981 (32)",NA,NA,Sweden,Norwich City,Premier League,2013/2014,2013
19,Centre-Forward,"Dec 28, 1983 (29)",NA,NA,Argentina,Norwich City,Premier League,2013/2014,2013
NA,Centre-Forward,"May 10, 1994 (19)",NA,NA,Jamaica,Norwich City,Premier League,2013/2014,2013
1,Goalkeeper,"Mar 5, 1985 (28)",NA,NA,Scotland,Cardiff City,Premier League,2013/2014,2013
32,Goalkeeper,"Oct 6, 1987 (25)",NA,NA,England,Cardiff City,Premier League,2013/2014,2013
33,Goalkeeper,"May 19, 1990 (23)",NA,NA,England,Cardiff City,Premier League,2013/2014,2013
4,Centre-Back,"Dec 29, 1991 (21)",NA,NA,England,Cardiff City,Premier League,2013/2014,2013
28,Centre-Back,"Oct 28, 1989 (23)",NA,NA,Martinique,Cardiff City,Premier League,2013/2014,2013
2,Centre-Back,"Sep 24, 1987 (25)",NA,NA,England,Cardiff City,Premier League,2013/2014,2013
27,Centre-Back,"Nov 26, 1989 (23)",NA,NA,Spain,Cardiff City,Premier League,2013/2014,2013
6,Centre-Back,"Aug 21, 1988 (24)",NA,NA,England,Cardiff City,Premier League,2013/2014,2013
5,Centre-Back,"Mar 30, 1982 (31)",NA,NA,England,Cardiff City,Premier League,2013/2014,2013
41,Centre-Back,"Jul 16, 1993 (19)",NA,NA,England,Cardiff City,Premier League,2013/2014,2013
3,Left-Back,"Aug 1, 1986 (26)",NA,NA,England,Cardiff City,Premier League,2013/2014,2013
42,Left-Back,"Jun 30, 1995 (18)",NA,NA,Wales,Cardiff City,Premier League,2013/2014,2013
35,Right-Back,"Jul 9, 1990 (22)",NA,NA,Brazil,Cardiff City,Premier League,2013/2014,2013
25,Right-Back,"Aug 28, 1982 (30)",NA,NA,Scotland,Cardiff City,Premier League,2013/2014,2013
12,Right-Back,"Dec 29, 1987 (25)",NA,NA,England,Cardiff City,Premier League,2013/2014,2013
NA,Right-Back,"Apr 15, 1996 (17)",NA,NA,Wales,Cardiff City,Premier League,2013/2014,2013
8,Defensive Midfield,"Aug 3, 1987 (25)",NA,NA,Chile,Cardiff City,Premier League,2013/2014,2013
7,Defensive Midfield,"Oct 13, 1990 (22)",NA,NA,Slovakia,Cardiff City,Premier League,2013/2014,2013
15,Central Midfield,"Aug 8, 1990 (22)",NA,NA,Norway,Cardiff City,Premier League,2013/2014,2013
7,Central Midfield,"Sep 8, 1984 (28)",NA,NA,England,Cardiff City,Premier League,2013/2014,2013
17,Central Midfield,"Apr 22, 1989 (24)",NA,NA,Iceland,Cardiff City,Premier League,2013/2014,2013
18,Central Midfield,"Dec 2, 1991 (21)",NA,NA,England,Cardiff City,Premier League,2013/2014,2013
24,Central Midfield,"Jan 25, 1983 (30)",NA,NA,Scotland,Cardiff City,Premier League,2013/2014,2013
19,Right Midfield,"Feb 15, 1983 (30)",NA,NA,Scotland,Cardiff City,Premier League,2013/2014,2013
40,Right Midfield,"Jun 8, 1993 (20)",NA,NA,England,Cardiff City,Premier League,2013/2014,2013
13,Left Winger,"Oct 6, 1989 (23)",NA,NA,"Korea, South",Cardiff City,Premier League,2013/2014,2013
39,Left Winger,"Jul 13, 1979 (33)",NA,NA,Wales,Cardiff City,Premier League,2013/2014,2013
NA,Left Winger,"May 2, 1985 (28)",NA,NA,Scotland,Cardiff City,Premier League,2013/2014,2013
29,Left Winger,"Mar 2, 1995 (18)",NA,NA,Norway,Cardiff City,Premier League,2013/2014,2013
NA,Right Winger,"Nov 10, 1992 (20)",NA,NA,Cote d'Ivoire,Cardiff City,Premier League,2013/2014,2013
NA,Right Winger,"Jul 15, 1981 (31)",NA,NA,Nigeria,Cardiff City,Premier League,2013/2014,2013
16,Right Winger,"Nov 17, 1987 (25)",NA,NA,England,Cardiff City,Premier League,2013/2014,2013
9,Centre-Forward,"Oct 5, 1984 (28)",NA,NA,Trinidad and Tobago,Cardiff City,Premier League,2013/2014,2013
NA,Centre-Forward,"Mar 16, 1993 (20)",NA,NA,Denmark,Cardiff City,Premier League,2013/2014,2013
10,Centre-Forward,"Sep 13, 1987 (25)",NA,NA,England,Cardiff City,Premier League,2013/2014,2013
NA,Centre-Forward,"Dec 11, 1986 (26)",NA,NA,England,Cardiff City,Premier League,2013/2014,2013
34,Centre-Forward,"Sep 11, 1990 (22)",NA,NA,Norway,Cardiff City,Premier League,2013/2014,2013
NA,Centre-Forward,"Dec 26, 1988 (24)",NA,NA,Slovenia,Cardiff City,Premier League,2013/2014,2013
NA,Centre-Forward,"May 13, 1991 (22)",NA,NA,Ireland,Cardiff City,Premier League,2013/2014,2013
NA,Centre-Forward,"Oct 10, 1988 (24)",NA,NA,Benin,Cardiff City,Premier League,2013/2014,2013
14,Centre-Forward,"May 22, 1980 (33)",NA,NA,England,Cardiff City,Premier League,2013/2014,2013
NA,Centre-Forward,"Dec 6, 1994 (18)",NA,NA,England,Cardiff City,Premier League,2013/2014,2013
1,Goalkeeper,"Apr 3, 1983 (30)",NA,NA,England,West Bromwich Albion,Premier League,2013/2014,2013
13,Goalkeeper,"Nov 9, 1982 (30)",NA,NA,Wales,West Bromwich Albion,Premier League,2013/2014,2013
12,Goalkeeper,"Aug 22, 1984 (28)",NA,NA,Northern Ireland,West Bromwich Albion,Premier League,2013/2014,2013
19,Goalkeeper,"Jan 5, 1988 (25)",NA,NA,England,West Bromwich Albion,Premier League,2013/2014,2013
3,Centre-Back,"Mar 10, 1983 (30)",NA,NA,Sweden,West Bromwich Albion,Premier League,2013/2014,2013
6,Centre-Back,"Jul 21, 1984 (28)",NA,NA,England,West Bromwich Albion,Premier League,2013/2014,2013
23,Centre-Back,"Dec 5, 1979 (33)",NA,NA,Northern Ireland,West Bromwich Albion,Premier League,2013/2014,2013
25,Centre-Back,"May 6, 1990 (23)",NA,NA,England,West Bromwich Albion,Premier League,2013/2014,2013
14,Centre-Back,"Nov 2, 1980 (32)",NA,NA,Uruguay,West Bromwich Albion,Premier League,2013/2014,2013
42,Centre-Back,"Nov 24, 1993 (19)",NA,NA,England,West Bromwich Albion,Premier League,2013/2014,2013
NA,Left-Back,"Oct 2, 1984 (28)",NA,NA,North Macedonia,West Bromwich Albion,Premier League,2013/2014,2013
28,Right-Back,"Mar 24, 1987 (26)",NA,NA,England,West Bromwich Albion,Premier League,2013/2014,2013
2,Right-Back,"Mar 10, 1981 (32)",NA,NA,Ireland,West Bromwich Albion,Premier League,2013/2014,2013
NA,Right-Back,"Nov 22, 1992 (20)",NA,NA,England,West Bromwich Albion,Premier League,2013/2014,2013
21,Defensive Midfield,"Jan 25, 1987 (26)",NA,NA,DR Congo,West Bromwich Albion,Premier League,2013/2014,2013
5,Defensive Midfield,"Jul 18, 1987 (25)",NA,NA,Argentina,West Bromwich Albion,Premier League,2013/2014,2013
15,Defensive Midfield,"Jan 4, 1993 (20)",NA,NA,England,West Bromwich Albion,Premier League,2013/2014,2013
NA,Defensive Midfield,"Jul 31, 1993 (19)",NA,NA,England,West Bromwich Albion,Premier League,2013/2014,2013
7,Central Midfield,"May 25, 1986 (27)",NA,NA,Scotland,West Bromwich Albion,Premier League,2013/2014,2013
17,Central Midfield,"May 5, 1987 (26)",NA,NA,Scotland,West Bromwich Albion,Premier League,2013/2014,2013
22,Central Midfield,"Apr 22, 1979 (34)",NA,NA,Hungary,West Bromwich Albion,Premier League,2013/2014,2013
10,Left Midfield,"Mar 25, 1989 (24)",NA,NA,England,West Bromwich Albion,Premier League,2013/2014,2013
11,Left Midfield,"Dec 14, 1984 (28)",NA,NA,Northern Ireland,West Bromwich Albion,Premier League,2013/2014,2013
29,Attacking Midfield,"Jun 1, 1984 (29)",NA,NA,Benin,West Bromwich Albion,Premier League,2013/2014,2013
NA,Left Winger,"May 13, 1992 (21)",NA,NA,Congo,West Bromwich Albion,Premier League,2013/2014,2013
NA,Right Winger,"Mar 20, 1985 (28)",NA,NA,France,West Bromwich Albion,Premier League,2013/2014,2013
NA,Centre-Forward,"Jan 22, 1987 (26)",NA,NA,Ireland,West Bromwich Albion,Premier League,2013/2014,2013
16,Centre-Forward,"Apr 23, 1988 (25)",NA,NA,Nigeria,West Bromwich Albion,Premier League,2013/2014,2013
NA,Centre-Forward,"May 1, 1992 (21)",NA,NA,Czech Republic,West Bromwich Albion,Premier League,2013/2014,2013
NA,Centre-Forward,"Sep 27, 1982 (30)",NA,NA,Sweden,West Bromwich Albion,Premier League,2013/2014,2013
NA,Centre-Forward,"Mar 14, 1979 (34)",NA,NA,France,West Bromwich Albion,Premier League,2013/2014,2013
34,Centre-Forward,"Jan 6, 1993 (20)",NA,NA,Jamaica,West Bromwich Albion,Premier League,2013/2014,2013
38,Centre-Forward,"Aug 4, 1993 (19)",NA,NA,Burundi,West Bromwich Albion,Premier League,2013/2014,2013
1,Goalkeeper,"Jan 31, 1982 (31)",NA,NA,Scotland,Hull City,Premier League,2013/2014,2013
16,Goalkeeper,"Oct 2, 1984 (28)",NA,NA,Switzerland,Hull City,Premier League,2013/2014,2013
22,Goalkeeper,"Mar 14, 1975 (38)",NA,NA,England,Hull City,Premier League,2013/2014,2013
NA,Goalkeeper,"Jun 2, 1990 (23)",NA,NA,England,Hull City,Premier League,2013/2014,2013
6,Centre-Back,"Mar 15, 1985 (28)",NA,NA,England,Hull City,Premier League,2013/2014,2013
15,Centre-Back,"Jan 6, 1986 (27)",NA,NA,Ireland,Hull City,Premier League,2013/2014,2013
5,Centre-Back,"Jan 23, 1989 (24)",NA,NA,Wales,Hull City,Premier League,2013/2014,2013
4,Centre-Back,"Sep 28, 1984 (28)",NA,NA,Northern Ireland,Hull City,Premier League,2013/2014,2013
23,Centre-Back,"Feb 26, 1978 (35)",NA,NA,Senegal,Hull City,Premier League,2013/2014,2013
3,Left-Back,"May 2, 1983 (30)",NA,NA,Honduras,Hull City,Premier League,2013/2014,2013
19,Left-Back,"Nov 26, 1990 (22)",NA,NA,Northern Ireland,Hull City,Premier League,2013/2014,2013
28,Left-Back,"Mar 4, 1993 (20)",NA,NA,England,Hull City,Premier League,2013/2014,2013
27,Right-Back,"Sep 9, 1987 (25)",NA,NA,Egypt,Hull City,Premier League,2013/2014,2013
2,Right-Back,"Jul 9, 1984 (28)",NA,NA,England,Hull City,Premier League,2013/2014,2013
17,Midfielder,"Oct 2, 1985 (27)",NA,NA,Scotland,Hull City,Premier League,2013/2014,2013
8,Defensive Midfield,"Dec 28, 1986 (26)",NA,NA,England,Hull City,Premier League,2013/2014,2013
14,Defensive Midfield,"Nov 14, 1989 (23)",NA,NA,England,Hull City,Premier League,2013/2014,2013
7,Central Midfield,"May 29, 1989 (24)",NA,NA,Ireland,Hull City,Premier League,2013/2014,2013
29,Central Midfield,"Apr 1, 1986 (27)",NA,NA,Ireland,Hull City,Premier League,2013/2014,2013
30,Central Midfield,"Sep 8, 1991 (21)",NA,NA,Ireland,Hull City,Premier League,2013/2014,2013
11,Left Midfield,"Jan 14, 1992 (21)",NA,NA,Ireland,Hull City,Premier League,2013/2014,2013
10,Attacking Midfield,"Sep 20, 1980 (32)",NA,NA,Slovenia,Hull City,Premier League,2013/2014,2013
NA,Left Winger,"Apr 8, 1991 (22)",NA,NA,England,Hull City,Premier League,2013/2014,2013
NA,Right Winger,"Apr 27, 1993 (20)",NA,NA,Antigua and Barbuda,Hull City,Premier League,2013/2014,2013
24,Second Striker,"Feb 19, 1989 (24)",NA,NA,Nigeria,Hull City,Premier League,2013/2014,2013
18,Centre-Forward,"Aug 27, 1985 (27)",NA,NA,Croatia,Hull City,Premier League,2013/2014,2013
21,Centre-Forward,"Jan 22, 1987 (26)",NA,NA,Ireland,Hull City,Premier League,2013/2014,2013
NA,Centre-Forward,"Aug 12, 1985 (27)",NA,NA,England,Hull City,Premier League,2013/2014,2013
12,Centre-Forward,"Mar 5, 1986 (27)",NA,NA,England,Hull City,Premier League,2013/2014,2013
20,Centre-Forward,"Apr 12, 1988 (25)",NA,NA,Cote d'Ivoire,Hull City,Premier League,2013/2014,2013
NA,Centre-Forward,"Nov 28, 1986 (26)",NA,NA,Germany,Hull City,Premier League,2013/2014,2013
NA,Centre-Forward,"Oct 30, 1984 (28)",NA,NA,Egypt,Hull City,Premier League,2013/2014,2013
NA,Centre-Forward,"May 25, 1983 (30)",NA,NA,England,Hull City,Premier League,2013/2014,2013
31,Centre-Forward,"Jun 1, 1992 (21)",NA,NA,Australia,Hull City,Premier League,2013/2014,2013
26,Goalkeeper,"Jan 24, 1987 (26)",NA,NA,Wales,Crystal Palace,Premier League,2013/2014,2013
1,Goalkeeper,"May 18, 1979 (34)",NA,NA,Argentina,Crystal Palace,Premier League,2013/2014,2013
34,Goalkeeper,"Jul 19, 1984 (28)",NA,NA,Wales,Crystal Palace,Premier League,2013/2014,2013
25,Goalkeeper,"Mar 10, 1978 (35)",NA,NA,Scotland,Crystal Palace,Premier League,2013/2014,2013
40,Goalkeeper,"May 28, 1994 (19)",NA,NA,England,Crystal Palace,Premier League,2013/2014,2013
6,Centre-Back,"Feb 14, 1987 (26)",NA,NA,England,Crystal Palace,Premier League,2013/2014,2013
3,Centre-Back,"Oct 3, 1986 (26)",NA,NA,Jamaica,Crystal Palace,Premier League,2013/2014,2013
5,Centre-Back,"May 31, 1983 (30)",NA,NA,Ireland,Crystal Palace,Premier League,2013/2014,2013
NA,Centre-Back,"Nov 22, 1983 (29)",NA,NA,England,Crystal Palace,Premier League,2013/2014,2013
19,Centre-Back,"Aug 8, 1979 (33)",NA,NA,Wales,Crystal Palace,Premier League,2013/2014,2013
27,Centre-Back,"Jul 20, 1981 (31)",NA,NA,Ireland,Crystal Palace,Premier League,2013/2014,2013
NA,Centre-Back,"Sep 16, 1993 (19)",NA,NA,England,Crystal Palace,Premier League,2013/2014,2013
41,Centre-Back,"Dec 11, 1993 (19)",NA,NA,England,Crystal Palace,Premier League,2013/2014,2013
45,Centre-Back,"Jun 5, 1995 (18)",NA,NA,England,Crystal Palace,Premier League,2013/2014,2013
4,Left-Back,"Oct 21, 1988 (24)",NA,NA,Norway,Crystal Palace,Premier League,2013/2014,2013
NA,Left-Back,"Mar 3, 1986 (27)",NA,NA,France,Crystal Palace,Premier League,2013/2014,2013
21,Left-Back,"Jan 14, 1986 (27)",NA,NA,England,Crystal Palace,Premier League,2013/2014,2013
26,Left-Back,"Dec 25, 1991 (21)",NA,NA,England,Crystal Palace,Premier League,2013/2014,2013
NA,Left-Back,"Mar 7, 1995 (18)",NA,NA,England,Crystal Palace,Premier League,2013/2014,2013
2,Right-Back,"Oct 29, 1989 (23)",NA,NA,England,Crystal Palace,Premier League,2013/2014,2013
15,Defensive Midfield,"Aug 3, 1984 (28)",NA,NA,Australia,Crystal Palace,Premier League,2013/2014,2013
NA,Defensive Midfield,"Jan 8, 1996 (17)",NA,NA,England,Crystal Palace,Premier League,2013/2014,2013
46,Central Midfield,"Dec 1, 1989 (23)",NA,NA,Scotland,Crystal Palace,Premier League,2013/2014,2013
28,Central Midfield,"Jan 23, 1987 (26)",NA,NA,Wales,Crystal Palace,Premier League,2013/2014,2013
NA,Central Midfield,"May 31, 1993 (20)",NA,NA,Spain,Crystal Palace,Premier League,2013/2014,2013
31,Central Midfield,"Nov 12, 1985 (27)",NA,NA,Algeria,Crystal Palace,Premier League,2013/2014,2013
NA,Central Midfield,"Jan 29, 1988 (25)",NA,NA,Ireland,Crystal Palace,Premier League,2013/2014,2013
8,Central Midfield,"Nov 24, 1984 (28)",NA,NA,South Africa,Crystal Palace,Premier League,2013/2014,2013
12,Central Midfield,"Mar 4, 1991 (22)",NA,NA,England,Crystal Palace,Premier League,2013/2014,2013
13,Attacking Midfield,"Jun 26, 1986 (27)",NA,NA,England,Crystal Palace,Premier League,2013/2014,2013
20,Attacking Midfield,"Oct 9, 1993 (19)",NA,NA,Wales,Crystal Palace,Premier League,2013/2014,2013
14,Left Winger,"Mar 23, 1983 (30)",NA,NA,England,Crystal Palace,Premier League,2013/2014,2013
7,Left Winger,"May 24, 1989 (24)",NA,NA,DR Congo,Crystal Palace,Premier League,2013/2014,2013
NA,Left Winger,"Nov 29, 1993 (19)",NA,NA,England,Crystal Palace,Premier League,2013/2014,2013
NA,Right Winger,"Jan 30, 1992 (21)",NA,NA,England,Crystal Palace,Premier League,2013/2014,2013
NA,Right Winger,"Jan 19, 1984 (29)",NA,NA,Mali,Crystal Palace,Premier League,2013/2014,2013
NA,Right Winger,"Oct 17, 1987 (25)",NA,NA,France,Crystal Palace,Premier League,2013/2014,2013
29,Centre-Forward,"Jan 10, 1984 (29)",NA,NA,Morocco,Crystal Palace,Premier League,2013/2014,2013
17,Centre-Forward,"Sep 25, 1983 (29)",NA,NA,England,Crystal Palace,Premier League,2013/2014,2013
30,Centre-Forward,"Aug 14, 1986 (26)",NA,NA,England,Crystal Palace,Premier League,2013/2014,2013
11,Centre-Forward,"Dec 5, 1982 (30)",NA,NA,Scotland,Crystal Palace,Premier League,2013/2014,2013
16,Centre-Forward,"Oct 17, 1990 (22)",NA,NA,England,Crystal Palace,Premier League,2013/2014,2013
NA,Centre-Forward,"Jul 25, 1973 (39)",NA,NA,England,Crystal Palace,Premier League,2013/2014,2013
18,Centre-Forward,"Oct 21, 1979 (33)",NA,NA,England,Crystal Palace,Premier League,2013/2014,2013
NA,Centre-Forward,"Aug 12, 1990 (22)",NA,NA,Ghana,Crystal Palace,Premier League,2013/2014,2013
